date,department,team,actual_productivity,targeted_productivity,smv,wip,over_time,incentive,idle_time,idle_men,no_of_style_change,no_of_workers,perf_ratio
2015-01-01,finishing,1,0.8865,0.75,3.94,1039.0,960,0.0,0.0,0.0,0.0,8.0,1.182
2015-01-01,finishing,2,0.755166667,0.75,3.94,1039.0,960,0.0,0.0,0.0,0.0,8.0,1.0069
2015-01-01,finishing,4,0.593055556,0.75,3.94,1039.0,2160,0.0,0.0,0.0,0.0,18.0,0.7907
2015-01-01,finishing,7,0.540729167,0.8,2.9,1039.0,960,0.0,0.0,0.0,0.0,8.0,0.6759
2015-01-01,finishing,8,0.676666667,0.75,2.9,1039.0,960,0.0,0.0,0.0,0.0,8.0,0.9022
2015-01-01,finishing,10,0.705916667,0.65,3.94,1039.0,960,0.0,0.0,0.0,0.0,8.0,1.086
2015-01-01,finishing,11,0.436326389,0.7,4.15,1039.0,1440,0.0,0.0,0.0,0.0,12.0,0.6233
2015-01-01,sewing,1,0.750427826,0.75,28.08,681.0,6900,45.0,0.0,0.0,0.0,57.5,1.0006
2015-01-01,sewing,2,0.753097531,0.75,19.87,733.0,6000,34.0,0.0,0.0,0.0,55.0,1.0041
2015-01-01,sewing,3,0.753683478,0.75,28.08,795.0,6900,45.0,0.0,0.0,0.0,57.5,1.0049
2015-01-01,sewing,4,0.52118,0.65,23.69,861.0,7200,0.0,0.0,0.0,0.0,60.0,0.8018
2015-01-01,sewing,5,0.707045902,0.8,11.41,668.0,3660,50.0,0.0,0.0,0.0,30.5,0.8838
2015-01-01,sewing,6,0.800381944,0.8,25.9,1170.0,1920,50.0,0.0,0.0,0.0,56.0,1.0005
2015-01-01,sewing,7,0.800125,0.8,25.9,984.0,6720,38.0,0.0,0.0,0.0,56.0,1.0002
2015-01-01,sewing,8,0.940725424,0.8,26.16,1108.0,7080,98.0,0.0,0.0,0.0,59.0,1.1759
2015-01-01,sewing,9,0.721126957,0.7,28.08,872.0,6900,44.0,0.0,0.0,0.0,57.5,1.0302
2015-01-01,sewing,10,0.712205247,0.75,19.31,578.0,6480,45.0,0.0,0.0,0.0,54.0,0.9496
2015-01-01,sewing,11,0.800570492,0.8,11.41,968.0,3660,50.0,0.0,0.0,0.0,30.5,1.0007
2015-01-01,sewing,12,0.800570492,0.8,11.41,968.0,3660,50.0,0.0,0.0,0.0,30.5,1.0007
2015-01-03,finishing,1,0.902916667,0.8,3.94,1039.0,960,0.0,0.0,0.0,0.0,8.0,1.1286
2015-01-03,finishing,2,0.782447917,0.8,4.15,1039.0,960,0.0,0.0,0.0,0.0,8.0,0.9781
2015-01-03,finishing,3,0.945277778,0.75,3.94,1039.0,1560,0.0,0.0,0.0,0.0,8.0,1.2604
2015-01-03,finishing,4,0.988024691,0.8,4.15,1039.0,6600,0.0,0.0,0.0,0.0,20.0,1.235
2015-01-03,finishing,7,0.6253125,0.8,3.94,1039.0,960,0.0,0.0,0.0,0.0,8.0,0.7816
2015-01-03,finishing,8,0.628333333,0.8,2.9,1039.0,960,0.0,0.0,0.0,0.0,8.0,0.7854
2015-01-03,finishing,9,0.956270833,0.8,4.15,1039.0,960,0.0,0.0,0.0,0.0,8.0,1.1953
2015-01-03,finishing,10,0.7018125,0.7,4.15,1039.0,960,0.0,0.0,0.0,0.0,8.0,1.0026
2015-01-03,finishing,11,0.987880435,0.75,2.9,1039.0,5640,0.0,0.0,0.0,0.0,17.0,1.3172
2015-01-03,sewing,1,0.800725314,0.8,28.08,772.0,6300,50.0,0.0,0.0,0.0,56.5,1.0009
2015-01-03,sewing,2,0.75024303,0.75,19.87,944.0,6600,45.0,0.0,0.0,0.0,55.0,1.0003
2015-01-03,sewing,3,0.800322936,0.8,28.08,913.0,6540,50.0,0.0,0.0,0.0,54.5,1.0004
2015-01-03,sewing,4,0.700134038,0.7,23.69,544.0,13800,0.0,0.0,0.0,0.0,60.0,1.0002
2015-01-03,sewing,5,0.800148649,0.8,11.61,659.0,7080,50.0,0.0,0.0,0.0,31.5,1.0002
2015-01-03,sewing,6,0.800125,0.8,25.9,1152.0,6720,50.0,0.0,0.0,0.0,56.0,1.0002
2015-01-03,sewing,7,0.800125,0.8,25.9,1138.0,6720,38.0,0.0,0.0,0.0,56.0,1.0002
2015-01-03,sewing,8,0.800318644,0.8,26.16,1261.0,7080,50.0,0.0,0.0,0.0,59.0,1.0004
2015-01-03,sewing,9,0.699965217,0.7,28.08,1072.0,6900,40.0,0.0,0.0,0.0,57.5,1.0
2015-01-03,sewing,10,0.787299691,0.75,19.31,610.0,6480,56.0,0.0,0.0,0.0,54.0,1.0497
2015-01-03,sewing,11,0.800237288,0.8,11.61,1005.0,7080,50.0,0.0,0.0,0.0,29.5,1.0003
2015-01-03,sewing,12,0.800318644,0.8,26.16,844.0,7080,63.0,0.0,0.0,0.0,59.0,1.0004
2015-01-04,finishing,1,0.915229167,0.8,3.94,1039.0,960,0.0,0.0,0.0,0.0,8.0,1.144
2015-01-04,finishing,2,0.792104167,0.8,3.94,1039.0,960,0.0,0.0,0.0,0.0,8.0,0.9901
2015-01-04,finishing,3,0.991388889,0.75,4.15,1039.0,1560,0.0,0.0,0.0,0.0,8.0,1.3219
2015-01-04,finishing,4,0.861679012,0.8,3.94,1039.0,6600,0.0,0.0,0.0,0.0,20.0,1.0771
2015-01-04,finishing,7,0.667604167,0.8,2.9,1039.0,960,0.0,0.0,0.0,0.0,8.0,0.8345
2015-01-04,finishing,8,0.682708333,0.8,2.9,1039.0,960,0.0,0.0,0.0,0.0,8.0,0.8534
2015-01-04,finishing,9,0.931645833,0.8,3.94,1039.0,960,0.0,0.0,0.0,0.0,8.0,1.1646
2015-01-04,finishing,10,0.759228395,0.7,3.94,1039.0,4320,0.0,0.0,0.0,0.0,18.0,1.0846
2015-01-04,finishing,11,0.345833333,0.75,4.15,1039.0,960,0.0,0.0,0.0,0.0,8.0,0.4611
2015-01-04,sewing,1,0.800318644,0.8,26.16,1033.0,7080,63.0,0.0,0.0,0.0,59.0,1.0004
2015-01-04,sewing,2,0.800237838,0.8,28.08,782.0,6660,50.0,0.0,0.0,0.0,55.5,1.0003
2015-01-04,sewing,3,0.75024303,0.75,19.87,734.0,6600,45.0,0.0,0.0,0.0,55.0,1.0003
2015-01-04,sewing,4,0.800598058,0.8,28.08,878.0,4260,50.0,0.0,0.0,0.0,55.5,1.0007
2015-01-04,sewing,5,0.603432184,0.7,45.67,884.0,6960,26.0,0.0,0.0,0.0,58.0,0.862
2015-01-04,sewing,6,0.879714482,0.8,11.61,539.0,6975,50.0,0.0,0.0,0.0,31.0,1.0996
2015-01-04,sewing,7,0.850436438,0.8,25.9,1227.0,7020,60.0,0.0,0.0,0.0,56.5,1.063
2015-01-04,sewing,8,0.850345133,0.8,25.9,1039.0,6780,45.0,0.0,0.0,0.0,56.5,1.0629
2015-01-04,sewing,9,0.850569492,0.8,26.16,1278.0,7080,60.0,0.0,0.0,0.0,59.0,1.0632
2015-01-04,sewing,10,0.699965217,0.7,28.08,1202.0,6900,40.0,0.0,0.0,0.0,57.5,1.0
2015-01-04,sewing,11,0.750348457,0.75,19.31,513.0,6480,45.0,0.0,0.0,0.0,54.0,1.0005
2015-01-04,sewing,12,0.800030199,0.8,11.61,1216.0,6975,50.0,0.0,0.0,0.0,31.0,1.0
2015-01-05,finishing,1,0.961059028,0.8,3.94,1039.0,1920,0.0,0.0,0.0,0.0,8.0,1.2013
2015-01-05,finishing,2,0.804416667,0.8,3.94,1039.0,960,0.0,0.0,0.0,0.0,8.0,1.0055
2015-01-05,finishing,3,0.875390625,0.75,4.15,1039.0,1920,0.0,0.0,0.0,0.0,8.0,1.1672
2015-01-05,finishing,4,0.893663194,0.8,3.94,1039.0,3840,0.0,0.0,0.0,0.0,16.0,1.1171
2015-01-05,finishing,5,0.759270833,0.6,2.9,1039.0,960,0.0,0.0,0.0,0.0,8.0,1.2655
2015-01-05,finishing,7,0.676666667,0.8,3.94,1039.0,960,0.0,0.0,0.0,0.0,8.0,0.8458
2015-01-05,finishing,8,0.664583333,0.8,2.9,1039.0,960,0.0,0.0,0.0,0.0,8.0,0.8307
2015-01-05,finishing,9,0.820833333,0.8,2.9,1039.0,1920,0.0,0.0,0.0,0.0,8.0,1.026
2015-01-05,finishing,10,0.763375,0.75,2.9,1039.0,960,0.0,0.0,0.0,0.0,8.0,1.0178
2015-01-05,finishing,11,0.939513889,0.8,3.94,1039.0,2400,0.0,0.0,0.0,0.0,10.0,1.1744
2015-01-05,sewing,1,0.800318644,0.8,26.16,1138.0,7080,63.0,0.0,0.0,0.0,59.0,1.0004
2015-01-05,sewing,2,0.800076522,0.8,28.08,757.0,6900,50.0,0.0,0.0,0.0,57.5,1.0001
2015-01-05,sewing,3,0.75024303,0.75,19.87,944.0,6600,45.0,0.0,0.0,0.0,55.0,1.0003
2015-01-05,sewing,4,0.800076522,0.8,28.08,759.0,6900,50.0,0.0,0.0,0.0,57.5,1.0001
2015-01-05,sewing,5,0.600028736,0.6,21.98,666.0,6960,23.0,0.0,0.0,0.0,58.0,1.0
2015-01-05,sewing,6,0.800246011,0.8,11.61,712.0,7200,50.0,0.0,0.0,0.0,32.0,1.0003
2015-01-05,sewing,7,0.800684366,0.8,25.9,1255.0,6780,50.0,0.0,0.0,0.0,56.5,1.0009
2015-01-05,sewing,8,0.800684366,0.8,25.9,1047.0,6780,38.0,0.0,0.0,0.0,56.5,1.0009
2015-01-05,sewing,9,0.850569492,0.8,26.16,1227.0,7080,75.0,0.0,0.0,0.0,59.0,1.0632
2015-01-05,sewing,10,0.7504,0.75,28.08,1083.0,7020,45.0,0.0,0.0,0.0,58.5,1.0005
2015-01-05,sewing,11,0.800250962,0.8,19.31,678.0,4800,50.0,0.0,0.0,0.0,55.0,1.0003
2015-01-05,sewing,12,0.800246011,0.8,11.61,1037.0,7200,50.0,0.0,0.0,0.0,32.0,1.0003
2015-01-06,finishing,1,0.936496212,0.8,3.94,1039.0,1440,0.0,0.0,0.0,0.0,8.0,1.1706
2015-01-06,finishing,2,0.805909091,0.8,3.94,1039.0,1440,0.0,0.0,0.0,0.0,8.0,1.0074
2015-01-06,finishing,3,0.899166667,0.75,4.15,1039.0,1800,0.0,0.0,0.0,0.0,10.0,1.1989
2015-01-06,finishing,4,0.966781346,0.8,3.94,1039.0,4440,0.0,0.0,0.0,0.0,18.0,1.2085
2015-01-06,finishing,7,0.61625,0.8,2.9,1039.0,1440,0.0,0.0,0.0,0.0,8.0,0.7703
2015-01-06,finishing,8,0.681060606,0.8,2.9,1039.0,1440,0.0,0.0,0.0,0.0,8.0,0.8513
2015-01-06,finishing,9,0.858143939,0.8,3.94,1039.0,1440,0.0,0.0,0.0,0.0,8.0,1.0727
2015-01-06,finishing,10,0.809640152,0.75,3.94,1039.0,1440,0.0,0.0,0.0,0.0,8.0,1.0795
2015-01-06,finishing,11,0.888686869,0.8,4.15,1039.0,2700,0.0,0.0,0.0,0.0,15.0,1.1109
2015-01-06,sewing,1,0.850502311,0.8,26.16,1187.0,10620,75.0,0.0,0.0,0.0,59.0,1.0631
2015-01-06,sewing,2,0.800594466,0.8,28.08,716.0,10350,50.0,0.0,0.0,0.0,57.5,1.0007
2015-01-06,sewing,3,0.800273829,0.8,19.87,963.0,9900,50.0,0.0,0.0,0.0,55.0,1.0003
2015-01-06,sewing,4,0.800594466,0.8,28.08,925.0,10350,50.0,0.0,0.0,0.0,57.5,1.0007
2015-01-06,sewing,5,0.649983281,0.65,21.98,808.0,10440,35.0,0.0,0.0,0.0,58.0,1.0
2015-01-06,sewing,6,0.80007657,0.8,11.61,910.0,4470,38.0,0.0,0.0,0.0,31.5,1.0001
2015-01-06,sewing,7,0.800128721,0.8,25.9,1035.0,10170,38.0,0.0,0.0,0.0,56.5,1.0002
2015-01-06,sewing,8,0.800128721,0.8,25.9,1083.0,10170,38.0,0.0,0.0,0.0,56.5,1.0002
2015-01-06,sewing,9,0.850502311,0.8,26.16,1305.0,10620,75.0,0.0,0.0,0.0,59.0,1.0631
2015-01-06,sewing,10,0.750545455,0.75,28.08,1209.0,10530,45.0,0.0,0.0,0.0,58.5,1.0007
2015-01-06,sewing,11,0.750057851,0.75,19.31,590.0,9900,45.0,0.0,0.0,0.0,55.0,1.0001
2015-01-06,sewing,12,0.800140969,0.8,11.61,1101.0,5310,50.0,0.0,0.0,0.0,31.5,1.0002
2015-01-07,finishing,1,0.951420455,0.8,3.94,1039.0,1440,0.0,0.0,0.0,0.0,8.0,1.1893
2015-01-07,finishing,2,0.813371212,0.8,3.94,1039.0,1440,0.0,0.0,0.0,0.0,8.0,1.0167
2015-01-07,finishing,3,0.83,0.75,4.15,1039.0,2700,0.0,0.0,0.0,0.0,15.0,1.1067
2015-01-07,finishing,4,0.827186544,0.8,3.94,1039.0,4440,0.0,0.0,0.0,0.0,18.0,1.034
2015-01-07,finishing,5,0.330113636,0.7,4.15,1039.0,1440,0.0,0.0,0.0,0.0,8.0,0.4716
2015-01-07,finishing,6,0.666515152,0.8,2.9,1039.0,1800,0.0,0.0,0.0,0.0,10.0,0.8331
2015-01-07,finishing,7,0.804640152,0.8,2.9,1039.0,1440,0.0,0.0,0.0,0.0,8.0,1.0058
2015-01-07,finishing,8,0.681060606,0.8,2.9,1039.0,1440,0.0,0.0,0.0,0.0,8.0,0.8513
2015-01-07,finishing,9,0.880530303,0.8,3.94,1039.0,1440,0.0,0.0,0.0,0.0,8.0,1.1007
2015-01-07,finishing,10,0.805909091,0.75,3.94,1039.0,1440,0.0,0.0,0.0,0.0,8.0,1.0745
2015-01-07,sewing,1,0.850502311,0.8,26.16,1179.0,10620,75.0,0.0,0.0,0.0,59.0,1.0631
2015-01-07,sewing,2,0.800594466,0.8,28.08,776.0,10350,63.0,0.0,0.0,0.0,57.5,1.0007
2015-01-07,sewing,3,0.800273829,0.8,19.87,924.0,9900,50.0,0.0,0.0,0.0,55.0,1.0003
2015-01-07,sewing,4,0.800594466,0.8,28.08,990.0,10350,50.0,0.0,0.0,0.0,57.5,1.0007
2015-01-07,sewing,5,0.700480831,0.7,21.98,413.0,9720,40.0,0.0,0.0,0.0,58.0,1.0007
2015-01-07,sewing,6,0.800343766,0.8,11.41,986.0,5490,50.0,0.0,0.0,0.0,30.5,1.0004
2015-01-07,sewing,7,0.800128721,0.8,25.9,1066.0,10170,50.0,0.0,0.0,0.0,56.5,1.0002
2015-01-07,sewing,8,0.850136766,0.8,25.9,1135.0,10170,60.0,0.0,0.0,0.0,56.5,1.0627
2015-01-07,sewing,9,0.850502311,0.8,26.16,1324.0,10620,75.0,0.0,0.0,0.0,59.0,1.0631
2015-01-07,sewing,10,0.8,0.75,28.08,1144.0,10530,69.0,0.0,0.0,0.0,58.5,1.0667
2015-01-07,sewing,11,0.412119835,0.8,31.83,568.0,9900,40.0,0.0,0.0,0.0,55.0,0.5151
2015-01-07,sewing,12,0.800246753,0.8,11.61,1120.0,5670,50.0,0.0,0.0,0.0,31.5,1.0003
2015-01-08,finishing,1,0.947689394,0.8,3.94,1039.0,1440,0.0,0.0,0.0,0.0,8.0,1.1846
2015-01-08,finishing,2,0.835757576,0.8,3.94,1039.0,1440,0.0,0.0,0.0,0.0,8.0,1.0447
2015-01-08,finishing,3,0.712626263,0.75,4.15,1039.0,2160,0.0,0.0,0.0,0.0,12.0,0.9502
2015-01-08,finishing,4,0.919905405,0.8,3.94,1039.0,12600,0.0,0.0,0.0,0.0,20.0,1.1499
2015-01-08,finishing,5,0.821354167,0.7,4.15,1039.0,3840,0.0,0.0,0.0,0.0,8.0,1.1734
2015-01-08,finishing,7,0.681060606,0.8,2.9,1039.0,1440,0.0,0.0,0.0,0.0,8.0,0.8513
2015-01-08,finishing,8,0.735984848,0.8,2.9,1039.0,1440,0.0,0.0,0.0,0.0,8.0,0.92
2015-01-08,finishing,9,0.891723485,0.8,3.94,1039.0,1440,0.0,0.0,0.0,0.0,8.0,1.1147
2015-01-08,finishing,10,0.779791667,0.75,3.94,1039.0,1440,0.0,0.0,0.0,0.0,8.0,1.0397
2015-01-08,finishing,11,0.515606061,0.8,4.15,1039.0,900,0.0,0.0,0.0,0.0,5.0,0.6445
2015-01-08,sewing,1,0.850502311,0.8,26.16,1189.0,10620,75.0,0.0,0.0,0.0,59.0,1.0631
2015-01-08,sewing,2,0.800497246,0.8,28.08,783.0,10050,63.0,0.0,0.0,0.0,58.5,1.0006
2015-01-08,sewing,3,0.800273829,0.8,19.87,857.0,9900,50.0,0.0,0.0,0.0,55.0,1.0003
2015-01-08,sewing,4,0.850181818,0.8,28.08,942.0,10530,75.0,0.0,0.0,0.0,58.5,1.0627
2015-01-08,sewing,5,0.233705476,0.7,42.41,724.0,10260,0.0,0.0,0.0,0.0,57.0,0.3339
2015-01-08,sewing,6,0.800024932,0.8,11.41,411.0,14640,50.0,0.0,0.0,0.0,30.5,1.0
2015-01-08,sewing,7,0.850136766,0.8,25.9,1050.0,10170,60.0,0.0,0.0,0.0,56.5,1.0627
2015-01-08,sewing,8,0.850136766,0.8,25.9,1026.0,10170,60.0,0.0,0.0,0.0,56.5,1.0627
2015-01-08,sewing,9,0.900215716,0.8,26.16,1216.0,10620,88.0,0.0,0.0,0.0,59.0,1.1253
2015-01-08,sewing,10,0.8,0.75,28.08,1066.0,10530,69.0,0.0,0.0,0.0,58.5,1.0667
2015-01-08,sewing,11,0.349951389,0.35,12.52,287.0,25920,38.0,0.0,0.0,0.0,54.0,0.9999
2015-01-08,sewing,12,0.800107143,0.8,11.61,548.0,15120,63.0,0.0,0.0,0.0,31.5,1.0001
2015-01-10,finishing,1,0.985,0.8,3.94,1039.0,2160,0.0,0.0,0.0,0.0,8.0,1.2312
2015-01-10,finishing,2,0.817102273,0.8,3.94,1039.0,1440,0.0,0.0,0.0,0.0,8.0,1.0214
2015-01-10,finishing,3,0.930340376,0.75,4.15,1039.0,2760,0.0,0.0,0.0,0.0,12.0,1.2405
2015-01-10,finishing,4,0.911589744,0.8,3.94,1039.0,6000,0.0,0.0,0.0,0.0,20.0,1.1395
2015-01-10,finishing,5,0.337973485,0.5,4.15,1039.0,1440,0.0,0.0,0.0,0.0,8.0,0.6759
2015-01-10,finishing,7,0.670075758,0.8,2.9,1039.0,1440,0.0,0.0,0.0,0.0,8.0,0.8376
2015-01-10,finishing,8,0.628882576,0.8,2.9,1039.0,1440,0.0,0.0,0.0,0.0,8.0,0.7861
2015-01-10,finishing,9,0.858143939,0.8,3.94,1039.0,1440,0.0,0.0,0.0,0.0,8.0,1.0727
2015-01-10,finishing,10,0.846950758,0.8,3.94,1039.0,1440,0.0,0.0,0.0,0.0,8.0,1.0587
2015-01-10,finishing,11,0.817424242,0.8,4.15,1039.0,1440,0.0,0.0,0.0,0.0,8.0,1.0218
2015-01-10,sewing,1,0.800117103,0.8,26.16,1335.0,10620,63.0,0.0,0.0,0.0,59.0,1.0001
2015-01-10,sewing,2,0.800594466,0.8,28.08,749.0,10350,63.0,0.0,0.0,0.0,57.5,1.0007
2015-01-10,sewing,3,0.750098351,0.75,19.87,1075.0,7080,45.0,0.0,0.0,0.0,56.0,1.0001
2015-01-10,sewing,4,0.801028213,0.8,28.08,660.0,10440,63.0,0.0,0.0,0.0,58.0,1.0013
2015-01-10,sewing,5,0.388007813,0.5,20.79,966.0,7680,0.0,0.0,0.0,0.0,56.0,0.776
2015-01-10,sewing,6,0.800343766,0.8,11.41,887.0,5490,50.0,0.0,0.0,0.0,30.5,1.0004
2015-01-10,sewing,7,0.850136766,0.8,25.9,970.0,10170,60.0,0.0,0.0,0.0,56.5,1.0627
2015-01-10,sewing,8,0.850136766,0.8,25.9,1158.0,10170,60.0,0.0,0.0,0.0,56.5,1.0627
2015-01-10,sewing,9,0.851174114,0.8,26.16,1122.0,10620,75.0,0.0,0.0,0.0,59.0,1.064
2015-01-10,sewing,10,0.8,0.8,28.08,1082.0,10530,63.0,0.0,0.0,0.0,58.5,1.0
2015-01-10,sewing,11,0.673245283,0.5,12.52,749.0,9540,38.0,0.0,0.0,0.0,53.0,1.3465
2015-01-10,sewing,12,0.800346445,0.8,11.61,893.0,4710,50.0,0.0,0.0,0.0,31.5,1.0004
2015-01-11,finishing,1,0.873068182,0.8,3.94,1039.0,1440,0.0,0.0,0.0,0.0,8.0,1.0913
2015-01-11,finishing,2,0.820833333,0.8,3.94,1039.0,1440,0.0,0.0,0.0,0.0,8.0,1.026
2015-01-11,finishing,3,0.93532197,0.75,4.15,1039.0,1440,0.0,0.0,0.0,0.0,8.0,1.2471
2015-01-11,finishing,4,0.925643939,0.8,3.94,1039.0,3600,0.0,0.0,0.0,0.0,20.0,1.1571
2015-01-11,finishing,5,0.609138258,0.5,4.15,1039.0,1440,0.0,0.0,0.0,0.0,8.0,1.2183
2015-01-11,finishing,6,0.597348485,0.8,2.9,1039.0,1440,0.0,0.0,0.0,0.0,8.0,0.7467
2015-01-11,finishing,7,0.590435606,0.8,2.9,1039.0,1440,0.0,0.0,0.0,0.0,8.0,0.738
2015-01-11,finishing,8,0.653598485,0.8,2.9,1039.0,1440,0.0,0.0,0.0,0.0,8.0,0.817
2015-01-11,finishing,9,0.858143939,0.8,3.94,1039.0,1440,0.0,0.0,0.0,0.0,8.0,1.0727
2015-01-11,finishing,10,0.828295455,0.8,3.94,1039.0,1440,0.0,0.0,0.0,0.0,8.0,1.0354
2015-01-11,finishing,11,0.668087121,0.8,4.15,1039.0,1440,0.0,0.0,0.0,0.0,8.0,0.8351
2015-01-11,sewing,1,0.850502311,0.8,26.16,1383.0,10620,75.0,0.0,0.0,0.0,59.0,1.0631
2015-01-11,sewing,2,0.8,0.8,28.08,805.0,10530,63.0,0.0,0.0,0.0,58.5,1.0
2015-01-11,sewing,3,0.690182815,0.8,19.87,1043.0,6420,0.0,0.0,0.0,0.0,55.0,0.8627
2015-01-11,sewing,4,0.473134796,0.8,50.48,562.0,10440,0.0,0.0,0.0,0.0,58.0,0.5914
2015-01-11,sewing,5,0.452979626,0.6,20.79,1208.0,7980,0.0,0.0,0.0,0.0,57.0,0.755
2015-01-11,sewing,6,0.800343766,0.8,11.41,887.0,5490,50.0,0.0,0.0,0.0,30.5,1.0004
2015-01-11,sewing,7,0.850136766,0.8,25.9,1012.0,10170,45.0,0.0,0.0,0.0,56.5,1.0627
2015-01-11,sewing,8,0.850136766,0.8,25.9,1209.0,10170,60.0,0.0,0.0,0.0,56.5,1.0627
2015-01-11,sewing,9,0.900215716,0.8,26.16,1095.0,10620,88.0,0.0,0.0,0.0,59.0,1.1253
2015-01-11,sewing,10,0.8,0.8,28.08,762.0,10530,38.0,0.0,0.0,0.0,58.5,1.0
2015-01-11,sewing,11,0.600229846,0.6,12.52,831.0,9540,30.0,0.0,0.0,0.0,53.0,1.0004
2015-01-11,sewing,12,0.800246753,0.8,11.61,896.0,5670,50.0,0.0,0.0,0.0,31.5,1.0003
2015-01-12,finishing,1,0.955151515,0.8,3.94,1039.0,1440,0.0,0.0,0.0,0.0,8.0,1.1939
2015-01-12,finishing,2,0.880530303,0.8,3.94,1039.0,1440,0.0,0.0,0.0,0.0,8.0,1.1007
2015-01-12,finishing,3,0.905454545,0.8,4.15,1039.0,1800,0.0,0.0,0.0,0.0,10.0,1.1318
2015-01-12,finishing,4,0.942213805,0.35,4.3,1039.0,3240,0.0,0.0,0.0,0.0,18.0,2.692
2015-01-12,finishing,5,0.809564394,0.65,4.15,1039.0,1440,0.0,0.0,0.0,0.0,8.0,1.2455
2015-01-12,finishing,6,0.817424242,0.8,2.9,1039.0,1440,0.0,0.0,0.0,0.0,8.0,1.0218
2015-01-12,finishing,7,0.648106061,0.8,2.9,1039.0,1440,0.0,0.0,0.0,0.0,8.0,0.8101
2015-01-12,finishing,8,0.725,0.8,2.9,1039.0,1440,0.0,0.0,0.0,0.0,8.0,0.9062
2015-01-12,finishing,9,0.858143939,0.8,3.94,1039.0,1440,0.0,0.0,0.0,0.0,8.0,1.0727
2015-01-12,finishing,10,0.24625,0.8,3.94,1039.0,1440,0.0,0.0,0.0,0.0,8.0,0.3078
2015-01-12,finishing,11,0.640577652,0.8,4.15,1039.0,1440,0.0,0.0,0.0,0.0,8.0,0.8007
2015-01-12,sewing,1,0.850522167,0.8,26.16,1099.0,8220,75.0,0.0,0.0,0.0,59.0,1.0632
2015-01-12,sewing,2,0.8,0.8,28.08,737.0,10530,63.0,0.0,0.0,0.0,58.5,1.0
2015-01-12,sewing,3,0.800273829,0.8,19.87,941.0,9900,0.0,0.0,0.0,0.0,55.0,1.0003
2015-01-12,sewing,4,0.35063299,0.35,22.4,581.0,7350,0.0,0.0,0.0,0.0,51.5,1.0018
2015-01-12,sewing,5,0.650040783,0.65,20.79,1141.0,8460,0.0,0.0,0.0,0.0,59.0,1.0001
2015-01-12,sewing,6,0.800181818,0.8,11.41,843.0,5670,50.0,0.0,0.0,0.0,31.5,1.0002
2015-01-12,sewing,7,0.850136766,0.8,25.9,1031.0,10170,60.0,0.0,0.0,0.0,56.5,1.0627
2015-01-12,sewing,8,0.850136766,0.8,25.9,1233.0,10170,60.0,0.0,0.0,0.0,56.5,1.0627
2015-01-12,sewing,9,0.850502311,0.8,26.16,1093.0,10620,75.0,0.0,0.0,0.0,59.0,1.0631
2015-01-12,sewing,10,0.688557555,0.8,50.48,381.0,6930,45.0,0.0,0.0,0.0,58.5,0.8607
2015-01-12,sewing,11,0.64998056,0.65,12.52,1004.0,9540,44.0,0.0,0.0,0.0,53.0,1.0
2015-01-12,sewing,12,0.80007657,0.8,11.61,760.0,4470,50.0,0.0,0.0,0.0,31.5,1.0001
2015-01-13,finishing,1,0.951420455,0.8,3.94,1039.0,1440,0.0,0.0,0.0,0.0,2.0,1.1893
2015-01-13,finishing,2,0.805909091,0.8,3.94,1039.0,1440,0.0,0.0,0.0,0.0,8.0,1.0074
2015-01-13,finishing,3,0.901262626,0.8,4.15,1039.0,1620,0.0,0.0,0.0,0.0,9.0,1.1266
2015-01-13,finishing,4,0.952020202,0.35,4.3,1039.0,2160,0.0,0.0,0.0,0.0,12.0,2.7201
2015-01-13,finishing,5,0.821354167,0.65,4.15,1039.0,1440,0.0,0.0,0.0,0.0,8.0,1.2636
2015-01-13,finishing,7,0.670075758,0.8,2.9,1039.0,1440,0.0,0.0,0.0,0.0,8.0,0.8376
2015-01-13,finishing,8,0.681060606,0.8,2.9,1039.0,1440,0.0,0.0,0.0,0.0,8.0,0.8513
2015-01-13,finishing,9,0.858143939,0.8,3.94,1039.0,1440,0.0,0.0,0.0,0.0,8.0,1.0727
2015-01-13,finishing,10,0.912766667,0.8,3.94,1039.0,5400,0.0,0.0,0.0,0.0,20.0,1.141
2015-01-13,finishing,11,0.601278409,0.8,4.15,1039.0,1440,0.0,0.0,0.0,0.0,8.0,0.7516
2015-01-13,sewing,1,0.850502311,0.8,26.16,1073.0,10620,75.0,0.0,0.0,0.0,59.0,1.0631
2015-01-13,sewing,2,0.8,0.8,28.08,723.0,10530,50.0,0.0,0.0,0.0,58.5,1.0
2015-01-13,sewing,3,0.705576584,0.8,42.27,465.0,9900,54.0,0.0,0.0,0.0,55.0,0.882
2015-01-13,sewing,4,0.500380799,0.5,22.4,783.0,10170,23.0,0.0,0.0,0.0,56.5,1.0008
2015-01-13,sewing,5,0.526810345,0.7,20.79,1297.0,10440,0.0,0.0,0.0,0.0,58.0,0.7526
2015-01-13,sewing,6,0.800246753,0.8,11.61,1004.0,5670,50.0,0.0,0.0,0.0,31.5,1.0003
2015-01-13,sewing,7,0.850136766,0.8,25.9,1126.0,10170,60.0,0.0,0.0,0.0,56.5,1.0627
2015-01-13,sewing,8,0.850252525,0.8,25.9,1211.0,10260,60.0,0.0,0.0,0.0,57.0,1.0628
2015-01-13,sewing,9,0.850502311,0.8,26.16,1156.0,10620,75.0,0.0,0.0,0.0,59.0,1.0631
2015-01-13,sewing,10,0.35020649,0.35,22.4,715.0,10170,23.0,0.0,0.0,0.0,56.5,1.0006
2015-01-13,sewing,11,0.582301029,0.7,27.13,530.0,9540,37.0,0.0,0.0,0.0,53.0,0.8319
2015-01-13,sewing,12,0.800246753,0.8,11.61,1063.0,5670,50.0,0.0,0.0,0.0,31.5,1.0003
2015-01-14,finishing,1,0.891723485,0.8,3.94,1039.0,1440,0.0,0.0,0.0,0.0,8.0,1.1147
2015-01-14,finishing,2,0.247316017,0.8,3.94,1039.0,1260,0.0,0.0,0.0,0.0,8.0,0.3091
2015-01-14,finishing,3,0.820833333,0.8,4.15,1039.0,1440,0.0,0.0,0.0,0.0,7.0,1.026
2015-01-14,finishing,4,0.908080808,0.35,4.3,1039.0,2700,0.0,0.0,0.0,0.0,8.0,2.5945
2015-01-14,finishing,5,0.864583333,0.65,4.15,1039.0,1440,0.0,0.0,0.0,0.0,15.0,1.3301
2015-01-14,finishing,7,0.837594697,0.8,2.9,1039.0,1440,0.0,0.0,0.0,0.0,8.0,1.047
2015-01-14,finishing,8,0.667329545,0.8,2.9,1039.0,1440,0.0,0.0,0.0,0.0,8.0,0.8342
2015-01-14,finishing,9,0.858143939,0.8,3.94,1039.0,1440,0.0,0.0,0.0,0.0,8.0,1.0727
2015-01-14,finishing,10,0.332359307,0.8,3.94,1039.0,1260,0.0,0.0,0.0,0.0,8.0,0.4154
2015-01-14,finishing,11,0.934607438,0.8,4.15,1039.0,1980,0.0,0.0,0.0,0.0,7.0,1.1683
2015-01-14,sewing,1,0.800117103,0.8,26.16,1092.0,10620,63.0,0.0,0.0,0.0,59.0,1.0001
2015-01-14,sewing,2,0.311207464,0.8,51.02,1086.0,4260,27.0,0.0,0.0,0.0,57.0,0.389
2015-01-14,sewing,4,0.600369686,0.6,22.4,816.0,5100,23.0,0.0,0.0,0.0,57.0,1.0006
2015-01-14,sewing,5,0.700095563,0.7,20.79,965.0,7320,0.0,0.0,0.0,0.0,58.0,1.0001
2015-01-14,sewing,6,0.800246753,0.8,11.61,972.0,5670,38.0,0.0,0.0,0.0,31.5,1.0003
2015-01-14,sewing,7,0.900144811,0.8,25.9,1150.0,10170,70.0,0.0,0.0,0.0,56.5,1.1252
2015-01-14,sewing,8,0.850136766,0.8,25.9,1218.0,10170,60.0,0.0,0.0,0.0,56.5,1.0627
2015-01-14,sewing,9,0.850502311,0.8,26.16,1232.0,10620,75.0,0.0,0.0,0.0,59.0,1.0631
2015-01-14,sewing,10,0.499980334,0.5,22.4,947.0,3390,23.0,0.0,0.0,0.0,56.5,1.0
2015-01-14,sewing,11,0.35003125,0.35,14.61,838.0,7200,23.0,0.0,0.0,0.0,55.0,1.0001
2015-01-14,sewing,12,0.800313433,0.8,11.61,1159.0,2970,50.0,0.0,0.0,0.0,31.5,1.0004
2015-01-15,finishing,1,0.884261364,0.8,3.94,1039.0,1440,0.0,0.0,0.0,0.0,8.0,1.1053
2015-01-15,finishing,4,0.988636364,0.35,4.3,1039.0,3600,0.0,0.0,0.0,0.0,20.0,2.8247
2015-01-15,finishing,5,0.860653409,0.65,4.15,1039.0,1440,0.0,0.0,0.0,0.0,8.0,1.3241
2015-01-15,finishing,7,0.689299242,0.8,2.9,1039.0,1440,0.0,0.0,0.0,0.0,8.0,0.8616
2015-01-15,finishing,8,0.606912879,0.8,2.9,1039.0,1440,0.0,0.0,0.0,0.0,8.0,0.7586
2015-01-15,finishing,9,0.858143939,0.8,3.94,1039.0,1440,0.0,0.0,0.0,0.0,8.0,1.0727
2015-01-15,finishing,10,0.953110048,0.8,3.94,1039.0,3420,0.0,0.0,0.0,0.0,19.0,1.1914
2015-01-15,sewing,1,0.850502311,0.8,26.16,1160.0,10620,75.0,0.0,0.0,0.0,59.0,1.0631
2015-01-15,sewing,2,0.499998888,0.5,22.94,1044.0,9810,23.0,0.0,0.0,0.0,54.5,1.0
2015-01-15,sewing,3,0.660683293,0.5,22.52,1102.0,10170,30.0,0.0,0.0,0.0,56.5,1.3214
2015-01-15,sewing,4,0.650130952,0.65,22.52,872.0,10080,26.0,0.0,0.0,0.0,56.0,1.0002
2015-01-15,sewing,5,0.700060345,0.7,20.79,391.0,10440,0.0,0.0,0.0,0.0,58.0,1.0001
2015-01-15,sewing,6,0.80003139,0.8,11.61,1084.0,4950,38.0,0.0,0.0,0.0,31.5,1.0
2015-01-15,sewing,7,0.850136766,0.8,25.9,1281.0,10170,60.0,0.0,0.0,0.0,56.5,1.0627
2015-01-15,sewing,8,0.850415628,0.8,25.9,1177.0,8970,60.0,0.0,0.0,0.0,56.5,1.063
2015-01-15,sewing,9,0.800117103,0.8,26.16,1369.0,10620,63.0,0.0,0.0,0.0,59.0,1.0001
2015-01-15,sewing,10,0.600291767,0.6,22.52,1076.0,10170,23.0,0.0,0.0,0.0,56.5,1.0005
2015-01-15,sewing,11,0.500025069,0.5,14.89,917.0,9900,30.0,0.0,0.0,0.0,55.0,1.0001
2015-01-15,sewing,12,0.80003139,0.8,11.61,1216.0,4950,50.0,0.0,0.0,0.0,31.5,1.0
2015-01-17,finishing,1,0.884261364,0.8,3.94,1039.0,1440,0.0,0.0,0.0,0.0,8.0,1.1053
2015-01-17,finishing,2,0.980909091,0.8,3.94,1039.0,1800,0.0,0.0,0.0,0.0,10.0,1.2261
2015-01-17,finishing,5,0.98719697,0.65,4.15,1039.0,2700,0.0,0.0,0.0,0.0,15.0,1.5188
2015-01-17,finishing,6,0.465757576,0.8,2.9,1039.0,900,0.0,0.0,0.0,0.0,5.0,0.5822
2015-01-17,finishing,7,0.661837121,0.8,2.9,1039.0,1440,0.0,0.0,0.0,0.0,8.0,0.8273
2015-01-17,finishing,8,0.675568182,0.8,2.9,1039.0,1440,0.0,0.0,0.0,0.0,8.0,0.8445
2015-01-17,finishing,9,0.82680303,0.8,3.94,1039.0,1800,0.0,0.0,0.0,0.0,10.0,1.0335
2015-01-17,finishing,10,0.974621212,0.8,3.94,1039.0,1440,0.0,0.0,0.0,0.0,8.0,1.2183
2015-01-17,finishing,11,0.313852814,0.8,4.15,1039.0,1260,0.0,0.0,0.0,0.0,7.0,0.3923
2015-01-17,sewing,1,0.800117103,0.8,48.68,171.0,10620,63.0,0.0,0.0,0.0,59.0,1.0001
2015-01-17,sewing,2,0.77011398,0.6,22.94,865.0,6570,23.0,0.0,0.0,0.0,56.5,1.2835
2015-01-17,sewing,3,0.600291767,0.6,22.52,1140.0,10170,30.0,0.0,0.0,0.0,56.5,1.0005
2015-01-17,sewing,4,0.7005417,0.7,22.52,825.0,10170,50.0,0.0,0.0,0.0,56.5,1.0008
2015-01-17,sewing,5,0.452012539,0.7,41.19,1052.0,10440,21.0,0.0,0.0,0.0,58.0,0.6457
2015-01-17,sewing,6,0.800343766,0.8,11.41,1067.0,5490,63.0,0.0,0.0,0.0,30.5,1.0004
2015-01-17,sewing,7,0.800128721,0.8,25.9,1396.0,10170,50.0,0.0,0.0,0.0,56.5,1.0002
2015-01-17,sewing,8,0.800128721,0.8,25.9,1292.0,10170,50.0,0.0,0.0,0.0,56.5,1.0002
2015-01-17,sewing,9,0.800117103,0.8,26.16,1128.0,10620,63.0,0.0,0.0,0.0,59.0,1.0001
2015-01-17,sewing,10,0.650198653,0.65,22.52,1163.0,9720,35.0,0.0,0.0,0.0,54.0,1.0003
2015-01-17,sewing,11,0.600273268,0.6,14.89,1027.0,10080,38.0,0.0,0.0,0.0,56.0,1.0005
2015-01-17,sewing,12,0.800246753,0.8,11.61,1039.0,5670,63.0,0.0,0.0,0.0,31.5,1.0003
2015-01-18,finishing,5,0.852793561,0.6,4.15,1039.0,1440,0.0,0.0,0.0,0.0,8.0,1.4213
2015-01-18,finishing,6,0.804848485,0.8,2.9,1039.0,1800,0.0,0.0,0.0,0.0,10.0,1.0061
2015-01-18,finishing,7,0.692045455,0.8,2.9,1039.0,1440,0.0,0.0,0.0,0.0,8.0,0.8651
2015-01-18,finishing,8,0.639867424,0.8,2.9,1039.0,1440,0.0,0.0,0.0,0.0,8.0,0.7998
2015-01-18,finishing,9,0.582045455,0.8,3.94,1039.0,1800,0.0,0.0,0.0,0.0,10.0,0.7276
2015-01-18,finishing,10,0.235795455,0.7,3.94,1039.0,1440,0.0,0.0,0.0,0.0,8.0,0.3369
2015-01-18,finishing,11,0.838383838,0.65,4.15,1039.0,2160,0.0,0.0,0.0,0.0,12.0,1.2898
2015-01-18,sewing,1,0.403242161,0.8,49.1,1381.0,10350,24.0,0.0,0.0,0.0,57.5,0.5041
2015-01-18,sewing,2,0.650243497,0.65,22.94,1025.0,10170,26.0,0.0,0.0,0.0,56.5,1.0004
2015-01-18,sewing,3,0.650416734,0.65,22.52,1138.0,10170,35.0,0.0,0.0,0.0,56.5,1.0006
2015-01-18,sewing,4,0.7005417,0.7,22.52,882.0,10170,50.0,0.0,0.0,0.0,56.5,1.0008
2015-01-18,sewing,5,0.600062696,0.6,20.4,1031.0,10440,30.0,0.0,0.0,0.0,58.0,1.0001
2015-01-18,sewing,6,0.800343766,0.8,11.41,1140.0,5490,63.0,0.0,0.0,0.0,30.5,1.0004
2015-01-18,sewing,7,0.800128721,0.8,48.84,624.0,10170,50.0,0.0,0.0,0.0,56.5,1.0002
2015-01-18,sewing,8,0.800128721,0.8,25.9,1288.0,10170,38.0,0.0,0.0,0.0,56.5,1.0002
2015-01-18,sewing,9,0.800015009,0.8,26.16,1381.0,3660,50.0,0.0,0.0,0.0,59.0,1.0
2015-01-18,sewing,10,0.700094156,0.7,22.52,1002.0,10080,40.0,0.0,0.0,0.0,56.0,1.0001
2015-01-18,sewing,11,0.650299575,0.65,14.89,1140.0,10260,44.0,0.0,0.0,0.0,57.0,1.0005
2015-01-18,sewing,12,0.662255892,0.8,26.87,585.0,5670,56.0,0.0,0.0,0.0,31.5,0.8278
2015-01-19,finishing,4,0.977272727,0.7,4.3,1039.0,5040,0.0,0.0,0.0,0.0,28.0,1.3961
2015-01-19,finishing,5,0.958901515,0.65,4.15,1039.0,1440,0.0,0.0,0.0,0.0,8.0,1.4752
2015-01-19,finishing,8,0.683806818,0.8,2.9,1039.0,1440,0.0,0.0,0.0,0.0,8.0,0.8548
2015-01-19,finishing,9,0.964106061,0.8,3.94,1039.0,1800,0.0,0.0,0.0,0.0,10.0,1.2051
2015-01-19,finishing,10,0.538399621,0.7,3.94,1039.0,1440,0.0,0.0,0.0,0.0,8.0,0.7691
2015-01-19,finishing,11,0.409545455,0.7,4.15,1039.0,1440,0.0,0.0,0.0,0.0,8.0,0.5851
2015-01-19,finishing,12,0.793844697,0.8,2.9,1039.0,1440,0.0,0.0,0.0,0.0,8.0,0.9923
2015-01-19,sewing,1,0.549969429,0.5,22.94,1492.0,10170,30.0,0.0,0.0,0.0,56.5,1.0999
2015-01-19,sewing,2,0.750517565,0.7,22.94,1006.0,10170,38.0,0.0,0.0,0.0,56.5,1.0722
2015-01-19,sewing,3,0.750062751,0.7,22.52,1095.0,10170,50.0,0.0,0.0,0.0,56.5,1.0715
2015-01-19,sewing,4,0.750068049,0.7,22.52,930.0,10260,63.0,0.0,0.0,0.0,57.0,1.0715
2015-01-19,sewing,5,0.650066445,0.65,20.4,1255.0,8280,35.0,0.0,0.0,0.0,58.0,1.0001
2015-01-19,sewing,6,0.800358775,0.8,11.41,1028.0,4380,50.0,0.0,0.0,0.0,31.0,1.0004
2015-01-19,sewing,7,0.576460393,0.8,48.84,1040.0,10260,30.0,0.0,0.0,0.0,57.0,0.7206
2015-01-19,sewing,8,0.800162602,0.8,25.9,1380.0,3630,50.0,0.0,0.0,0.0,56.5,1.0002
2015-01-19,sewing,9,0.800117103,0.8,26.16,1196.0,10620,63.0,0.0,0.0,0.0,59.0,1.0001
2015-01-19,sewing,10,0.750057359,0.7,22.52,938.0,10080,63.0,0.0,0.0,0.0,56.0,1.0715
2015-01-19,sewing,11,0.700170388,0.7,14.89,1484.0,10260,50.0,0.0,0.0,0.0,57.0,1.0002
2015-01-19,sewing,12,0.35021836,0.35,15.26,1111.0,6120,23.0,0.0,0.0,0.0,34.0,1.0006
2015-01-20,finishing,5,1.0,0.7,4.15,1039.0,1440,0.0,0.0,0.0,0.0,8.0,1.4286
2015-01-20,finishing,8,0.639867424,0.8,2.9,1039.0,1440,0.0,0.0,0.0,0.0,8.0,0.7998
2015-01-20,finishing,9,0.72830303,0.8,3.94,1039.0,1800,0.0,0.0,0.0,0.0,10.0,0.9104
2015-01-20,finishing,11,0.362666667,0.7,4.15,1039.0,2700,0.0,0.0,0.0,0.0,15.0,0.5181
2015-01-20,sewing,2,0.750031898,0.7,22.94,1363.0,10260,50.0,0.0,0.0,0.0,57.0,1.0715
2015-01-20,sewing,3,0.750037968,0.7,22.52,1134.0,8460,50.0,0.0,0.0,0.0,57.0,1.0715
2015-01-20,sewing,4,0.750068049,0.7,22.52,983.0,10260,63.0,0.0,0.0,0.0,57.0,1.0715
2015-01-20,sewing,5,0.700063796,0.7,20.4,1352.0,10260,50.0,0.0,0.0,0.0,57.0,1.0001
2015-01-20,sewing,6,0.800261486,0.8,11.41,1047.0,5580,63.0,0.0,0.0,0.0,31.0,1.0003
2015-01-20,sewing,7,0.400332792,0.35,22.94,1450.0,10080,30.0,0.0,0.0,0.0,56.0,1.1438
2015-01-20,sewing,8,0.800128721,0.8,25.9,1434.0,10170,50.0,0.0,0.0,0.0,56.5,1.0002
2015-01-20,sewing,9,0.800117103,0.8,26.16,399.0,10620,63.0,0.0,0.0,0.0,59.0,1.0001
2015-01-20,sewing,10,0.750057359,0.7,22.52,1108.0,10080,63.0,0.0,0.0,0.0,56.0,1.0715
2015-01-20,sewing,11,0.700170388,0.7,14.89,1501.0,10260,50.0,0.0,0.0,0.0,57.0,1.0002
2015-01-20,sewing,12,0.500290419,0.5,15.26,1352.0,3720,23.0,0.0,0.0,0.0,34.0,1.0006
2015-01-21,finishing,1,0.505128205,0.65,3.94,1039.0,2400,0.0,0.0,0.0,0.0,8.0,0.7771
2015-01-21,finishing,2,0.912202112,0.7,3.94,1039.0,5100,0.0,0.0,0.0,0.0,17.0,1.3031
2015-01-21,finishing,4,0.978525641,0.75,4.3,1039.0,6000,0.0,0.0,0.0,0.0,20.0,1.3047
2015-01-21,finishing,5,0.758173077,0.7,4.15,1039.0,2400,0.0,0.0,0.0,0.0,8.0,1.0831
2015-01-21,finishing,8,0.594871795,0.8,2.9,1039.0,2400,0.0,0.0,0.0,0.0,8.0,0.7436
2015-01-21,finishing,9,0.827147436,0.8,3.94,1039.0,2400,0.0,0.0,0.0,0.0,8.0,1.0339
2015-01-21,finishing,11,0.470769231,0.7,4.15,1039.0,2700,0.0,0.0,0.0,0.0,9.0,0.6725
2015-01-21,sewing,1,0.700029771,0.65,22.94,1595.0,10260,34.0,0.0,0.0,0.0,57.0,1.077
2015-01-21,sewing,2,0.800415742,0.7,22.94,1422.0,10500,60.0,0.0,0.0,0.0,57.0,1.1435
2015-01-21,sewing,3,0.750068049,0.7,22.52,1139.0,10260,63.0,0.0,0.0,0.0,57.0,1.0715
2015-01-21,sewing,4,0.900556277,0.75,22.52,825.0,10080,94.0,0.0,0.0,0.0,56.0,1.2007
2015-01-21,sewing,5,0.750344828,0.7,20.4,1404.0,10440,50.0,0.0,0.0,0.0,58.0,1.0719
2015-01-21,sewing,6,0.850410511,0.8,11.61,916.0,5760,75.0,0.0,0.0,0.0,89.0,1.063
2015-01-21,sewing,7,0.500241342,0.5,22.52,1720.0,10080,23.0,0.0,0.0,0.0,56.0,1.0005
2015-01-21,sewing,8,0.800436542,0.8,25.9,562.0,7470,38.0,0.0,0.0,0.0,56.5,1.0005
2015-01-21,sewing,9,0.520237649,0.8,54.56,757.0,4140,29.0,0.0,0.0,0.0,58.0,0.6503
2015-01-21,sewing,10,0.800020563,0.7,22.52,1206.0,10080,75.0,0.0,0.0,0.0,56.0,1.1429
2015-01-21,sewing,11,0.700170388,0.7,14.89,1735.0,10260,50.0,0.0,0.0,0.0,57.0,1.0002
2015-01-21,sewing,12,0.60017284,0.6,15.26,1245.0,6360,23.0,0.0,0.0,0.0,34.0,1.0003
2015-01-22,finishing,1,0.649662222,0.7,3.94,1039.0,15000,0.0,0.0,0.0,0.0,25.0,0.9281
2015-01-22,finishing,2,0.649662222,0.7,3.94,1039.0,15000,0.0,0.0,0.0,0.0,25.0,0.9281
2015-01-22,finishing,3,0.460578704,0.7,3.94,1039.0,12000,0.0,0.0,0.0,0.0,20.0,0.658
2015-01-22,finishing,4,0.670216049,0.75,4.3,1039.0,9000,0.0,0.0,0.0,0.0,15.0,0.8936
2015-01-22,finishing,5,0.742901235,0.7,4.15,1039.0,9000,0.0,0.0,0.0,0.0,15.0,1.0613
2015-01-22,finishing,6,0.626822917,0.8,2.9,1039.0,4800,0.0,0.0,0.0,0.0,8.0,0.7835
2015-01-22,finishing,7,0.957638889,0.6,3.94,1039.0,6000,0.0,0.0,0.0,0.0,10.0,1.5961
2015-01-22,finishing,8,0.397743056,0.8,2.9,1039.0,4800,0.0,0.0,0.0,0.0,8.0,0.4972
2015-01-22,finishing,10,0.940701058,0.75,3.94,1039.0,8400,0.0,0.0,0.0,0.0,14.0,1.2543
2015-01-22,finishing,12,0.327407407,0.6,4.08,1039.0,5400,0.0,0.0,0.0,0.0,9.0,0.5457
2015-01-22,sewing,1,0.750162367,0.7,22.94,1384.0,12180,63.0,0.0,0.0,0.0,57.0,1.0717
2015-01-22,sewing,2,0.800302791,0.7,22.94,1510.0,10620,60.0,0.0,0.0,0.0,57.0,1.1433
2015-01-22,sewing,3,0.750068049,0.7,22.52,1244.0,10260,63.0,0.0,0.0,0.0,57.0,1.0715
2015-01-22,sewing,4,0.849983766,0.75,22.52,759.0,10080,81.0,0.0,0.0,0.0,56.0,1.1333
2015-01-22,sewing,5,0.700250784,0.7,20.4,1480.0,10440,40.0,0.0,0.0,0.0,58.0,1.0004
2015-01-22,sewing,6,0.800191989,0.8,11.61,955.0,6360,63.0,0.0,0.0,0.0,32.0,1.0002
2015-01-22,sewing,7,0.60041361,0.6,22.52,1859.0,10260,23.0,0.0,0.0,0.0,57.0,1.0007
2015-01-22,sewing,8,0.555500132,0.8,40.99,980.0,10770,30.0,0.0,0.0,0.0,56.5,0.6944
2015-01-22,sewing,9,0.500547544,0.5,29.12,970.0,10440,30.0,0.0,0.0,0.0,58.0,1.0011
2015-01-22,sewing,10,0.800020563,0.75,22.52,1328.0,10080,55.0,0.0,0.0,0.0,56.0,1.0667
2015-01-22,sewing,11,0.700170388,0.7,14.89,1863.0,10260,50.0,0.0,0.0,0.0,57.0,1.0002
2015-01-22,sewing,12,0.600436426,0.6,15.26,1492.0,6960,23.0,0.0,0.0,0.0,34.0,1.0007
2015-01-24,finishing,1,0.578314394,0.7,3.94,1039.0,1440,0.0,0.0,0.0,0.0,8.0,0.8262
2015-01-24,finishing,2,0.578314394,0.75,3.94,1039.0,1440,0.0,0.0,0.0,0.0,8.0,0.7711
2015-01-24,finishing,3,0.895454545,0.75,3.94,1039.0,1440,0.0,0.0,0.0,0.0,8.0,1.1939
2015-01-24,finishing,4,0.651515152,0.75,4.3,1039.0,2160,0.0,0.0,0.0,0.0,12.0,0.8687
2015-01-24,finishing,5,0.966666667,0.7,4.15,1039.0,2700,0.0,0.0,0.0,0.0,15.0,1.381
2015-01-24,finishing,7,0.870580808,0.65,3.94,1039.0,2160,0.0,0.0,0.0,0.0,12.0,1.3394
2015-01-24,finishing,8,0.910521886,0.8,2.9,1039.0,1620,0.0,0.0,0.0,0.0,9.0,1.1382
2015-01-24,finishing,9,0.261174242,0.6,3.94,1039.0,1440,0.0,0.0,0.0,0.0,8.0,0.4353
2015-01-24,finishing,10,0.937242424,0.75,3.94,1039.0,1800,0.0,0.0,0.0,0.0,10.0,1.2497
2015-01-24,finishing,11,0.896022727,0.75,4.15,1039.0,1800,0.0,0.0,0.0,0.0,10.0,1.1947
2015-01-24,finishing,12,0.858585859,0.7,4.08,1039.0,1620,0.0,0.0,0.0,0.0,9.0,1.2266
2015-01-24,sewing,1,0.800643806,0.7,22.94,1472.0,10260,75.0,0.0,0.0,0.0,57.0,1.1438
2015-01-24,sewing,2,0.90064806,0.75,22.94,1606.0,10260,94.0,0.0,0.0,0.0,57.0,1.2009
2015-01-24,sewing,3,0.80035194,0.75,22.52,1266.0,10260,69.0,0.0,0.0,0.0,57.0,1.0671
2015-01-24,sewing,4,0.900321106,0.75,22.52,727.0,10260,94.0,0.0,0.0,0.0,57.0,1.2004
2015-01-24,sewing,5,0.700250784,0.7,20.4,1382.0,10440,50.0,0.0,0.0,0.0,58.0,1.0004
2015-01-24,sewing,6,0.800537143,0.8,11.61,1009.0,5640,63.0,0.0,0.0,0.0,32.0,1.0007
2015-01-24,sewing,7,0.650416734,0.65,22.52,1295.0,10170,26.0,0.0,0.0,0.0,56.5,1.0006
2015-01-24,sewing,8,0.34998951,0.35,15.09,1448.0,9360,23.0,0.0,0.0,0.0,52.0,1.0
2015-01-24,sewing,9,0.600125217,0.6,29.12,925.0,6660,23.0,0.0,0.0,0.0,58.0,1.0002
2015-01-24,sewing,10,0.80062987,0.75,22.52,1332.0,10080,69.0,0.0,0.0,0.0,56.0,1.0675
2015-01-24,sewing,11,0.750041201,0.75,42.97,1282.0,10260,56.0,0.0,0.0,0.0,57.0,1.0001
2015-01-24,sewing,12,0.750079323,0.75,15.26,1316.0,6120,40.0,0.0,0.0,0.0,34.0,1.0001
2015-01-25,finishing,1,0.970075758,0.7,3.94,1039.0,1440,0.0,0.0,0.0,0.0,8.0,1.3858
2015-01-25,finishing,2,0.970075758,0.75,3.94,1039.0,1440,0.0,0.0,0.0,0.0,8.0,1.2934
2015-01-25,finishing,3,0.961784512,0.75,3.94,1039.0,1620,0.0,0.0,0.0,0.0,9.0,1.2824
2015-01-25,finishing,4,0.952020202,0.75,4.3,1039.0,2160,0.0,0.0,0.0,0.0,12.0,1.2694
2015-01-25,finishing,5,0.973796791,0.7,4.15,1039.0,3060,0.0,0.0,0.0,0.0,17.0,1.3911
2015-01-25,finishing,7,0.749188312,0.65,3.94,1039.0,2520,0.0,0.0,0.0,0.0,14.0,1.1526
2015-01-25,finishing,8,0.329545455,0.8,2.9,1039.0,720,0.0,0.0,0.0,0.0,4.0,0.4119
2015-01-25,finishing,10,0.955151515,0.75,3.94,1039.0,3420,0.0,0.0,0.0,0.0,19.0,1.2735
2015-01-25,finishing,12,0.618181818,0.7,4.08,1039.0,1620,0.0,0.0,0.0,0.0,9.0,0.8831
2015-01-25,sewing,1,0.800909609,0.7,22.94,1682.0,10530,75.0,0.0,0.0,0.0,58.5,1.1442
2015-01-25,sewing,2,0.850223776,0.75,22.94,1636.0,10530,81.0,0.0,0.0,0.0,58.5,1.1336
2015-01-25,sewing,3,0.800513307,0.75,22.52,1495.0,10350,55.0,0.0,0.0,0.0,57.5,1.0674
2015-01-25,sewing,4,0.900321106,0.75,22.52,867.0,10260,94.0,0.0,0.0,0.0,57.0,1.2004
2015-01-25,sewing,5,0.700250784,0.7,20.4,1217.0,10440,50.0,0.0,0.0,0.0,58.0,1.0004
2015-01-25,sewing,6,0.800386364,0.8,11.61,1181.0,5760,63.0,0.0,0.0,0.0,32.0,1.0005
2015-01-25,sewing,7,0.7005417,0.7,22.52,360.0,10170,40.0,0.0,0.0,0.0,56.5,1.0008
2015-01-25,sewing,8,0.500061916,0.5,15.09,1557.0,720,23.0,0.0,0.0,0.0,52.0,1.0001
2015-01-25,sewing,9,0.650407524,0.65,29.12,1086.0,10440,26.0,0.0,0.0,0.0,58.0,1.0006
2015-01-25,sewing,10,0.800020563,0.75,22.52,1413.0,10080,69.0,0.0,0.0,0.0,56.0,1.0667
2015-01-25,sewing,11,0.59114168,0.75,42.97,532.0,10260,40.0,0.0,0.0,0.0,57.0,0.7882
2015-01-25,sewing,12,0.70043672,0.7,15.26,1296.0,6120,40.0,0.0,0.0,0.0,34.0,1.0006
2015-01-26,finishing,1,0.910378788,0.7,3.94,1039.0,1800,0.0,0.0,0.0,0.0,10.0,1.3005
2015-01-26,finishing,2,0.910378788,0.75,3.94,1039.0,1800,0.0,0.0,0.0,0.0,10.0,1.2138
2015-01-26,finishing,3,1.0,0.75,3.94,1039.0,1800,0.0,0.0,0.0,0.0,10.0,1.3333
2015-01-26,finishing,4,0.963699495,0.75,4.3,1039.0,2160,0.0,0.0,0.0,0.0,12.0,1.2849
2015-01-26,finishing,5,0.959191919,0.7,4.15,1039.0,2700,0.0,0.0,0.0,0.0,15.0,1.3703
2015-01-26,finishing,7,0.646306818,0.65,3.94,1039.0,1440,0.0,0.0,0.0,0.0,8.0,0.9943
2015-01-26,finishing,10,0.997792208,0.75,3.94,1039.0,3780,0.0,0.0,0.0,0.0,21.0,1.3304
2015-01-26,finishing,12,0.769292929,0.7,4.08,1039.0,1620,0.0,0.0,0.0,0.0,9.0,1.099
2015-01-26,sewing,1,0.800023511,0.7,22.94,1745.0,10440,60.0,0.0,0.0,0.0,58.0,1.1429
2015-01-26,sewing,2,0.800034024,0.75,22.94,1764.0,10260,55.0,0.0,0.0,0.0,57.0,1.0667
2015-01-26,sewing,3,0.80035194,0.75,22.52,1584.0,10260,69.0,0.0,0.0,0.0,57.0,1.0671
2015-01-26,sewing,4,0.850312684,0.8,22.52,1016.0,10170,60.0,0.0,0.0,0.0,56.5,1.0629
2015-01-26,sewing,5,0.750031447,0.75,20.4,1118.0,10320,56.0,0.0,0.0,0.0,58.0,1.0
2015-01-26,sewing,6,0.800386364,0.8,11.61,1072.0,5760,50.0,0.0,0.0,0.0,32.0,1.0005
2015-01-26,sewing,8,0.600143365,0.6,15.09,1519.0,360,23.0,0.0,0.0,0.0,52.0,1.0002
2015-01-26,sewing,9,0.70061442,0.7,29.12,1143.0,10440,40.0,0.0,0.0,0.0,58.0,1.0009
2015-01-26,sewing,10,0.800020563,0.75,22.52,1250.0,10080,55.0,0.0,0.0,0.0,56.0,1.0667
2015-01-26,sewing,11,0.350066986,0.35,28.08,749.0,10260,23.0,0.0,0.0,0.0,57.0,1.0002
2015-01-26,sewing,12,0.70043672,0.7,15.26,1337.0,6120,40.0,0.0,0.0,0.0,34.0,1.0006
2015-01-27,finishing,1,0.77815,0.75,3.94,1039.0,1200,0.0,0.0,0.0,0.0,10.0,1.0375
2015-01-27,finishing,2,0.788,0.75,3.94,1039.0,1200,0.0,0.0,0.0,0.0,10.0,1.0507
2015-01-27,finishing,3,0.861875,0.75,3.94,1039.0,1440,0.0,0.0,0.0,0.0,12.0,1.1492
2015-01-27,finishing,4,0.940625,0.8,4.3,1039.0,1440,0.0,0.0,0.0,0.0,12.0,1.1758
2015-01-27,finishing,5,0.926388889,0.5,4.15,1039.0,1440,0.0,0.0,0.0,0.0,12.0,1.8528
2015-01-27,finishing,6,0.6225,0.8,2.9,1039.0,960,0.0,0.0,0.0,0.0,8.0,0.7781
2015-01-27,finishing,7,0.803541667,0.5,4.15,1039.0,960,0.0,0.0,0.0,0.0,8.0,1.6071
2015-01-27,finishing,8,0.845458333,0.65,3.94,1039.0,960,0.0,0.0,0.0,0.0,8.0,1.3007
2015-01-27,finishing,10,0.979527778,0.8,3.94,1039.0,1440,0.0,0.0,0.0,0.0,12.0,1.2244
2015-01-27,finishing,12,0.823555556,0.7,4.15,1039.0,1080,0.0,0.0,0.0,0.0,9.0,1.1765
2015-01-27,sewing,1,0.800263218,0.75,22.94,1871.0,6960,55.0,0.0,0.0,0.0,58.0,1.067
2015-01-27,sewing,2,1.0,0.75,22.52,1635.0,6840,119.0,0.0,0.0,0.0,57.0,1.3333
2015-01-27,sewing,3,1.0,0.75,22.52,1299.0,6840,119.0,0.0,0.0,0.0,57.0,1.3333
2015-01-27,sewing,4,0.850312684,0.8,22.52,1106.0,6780,60.0,0.0,0.0,0.0,56.5,1.0629
2015-01-27,sewing,5,0.500035345,0.5,20.79,1455.0,6960,30.0,0.0,0.0,0.0,58.0,1.0001
2015-01-27,sewing,6,0.622828125,0.8,30.4,338.0,3840,34.0,0.0,0.0,0.0,32.0,0.7785
2015-01-27,sewing,8,0.650307143,0.65,15.09,976.0,240,23.0,0.0,0.0,0.0,52.0,1.0005
2015-01-27,sewing,9,0.700386207,0.7,29.12,1294.0,6960,50.0,0.0,0.0,0.0,58.0,1.0006
2015-01-27,sewing,10,0.900129762,0.8,22.52,1134.0,6720,70.0,0.0,0.0,0.0,56.0,1.1252
2015-01-27,sewing,11,0.37046657,0.5,48.18,1282.0,6480,23.0,0.0,0.0,0.0,54.0,0.7409
2015-01-27,sewing,12,0.700164706,0.7,15.26,1462.0,4080,40.0,0.0,0.0,0.0,34.0,1.0002
2015-01-28,finishing,1,0.9456,0.75,3.94,1039.0,1200,0.0,0.0,0.0,0.0,10.0,1.2608
2015-01-28,finishing,2,0.902222222,0.8,3.94,1039.0,1800,0.0,0.0,0.0,0.0,15.0,1.1278
2015-01-28,finishing,4,0.722638889,0.8,4.3,1039.0,1440,0.0,0.0,0.0,0.0,12.0,0.9033
2015-01-28,finishing,6,0.977555556,0.35,2.9,1039.0,1800,0.0,0.0,0.0,0.0,15.0,2.793
2015-01-28,finishing,7,0.406354167,0.6,3.94,1039.0,960,0.0,0.0,0.0,0.0,8.0,0.6773
2015-01-28,finishing,8,0.553333333,0.65,4.15,1039.0,960,0.0,0.0,0.0,0.0,8.0,0.8513
2015-01-28,finishing,10,0.840533333,0.8,3.94,1039.0,1200,0.0,0.0,0.0,0.0,10.0,1.0507
2015-01-28,finishing,11,0.259375,0.5,2.9,1039.0,960,0.0,0.0,0.0,0.0,8.0,0.5188
2015-01-28,finishing,12,0.755555556,0.75,4.08,1039.0,1080,0.0,0.0,0.0,0.0,9.0,1.0074
2015-01-28,sewing,1,0.850362069,0.75,22.94,1868.0,6960,81.0,0.0,0.0,0.0,58.0,1.1338
2015-01-28,sewing,2,1.0,0.8,22.52,1559.0,6840,90.0,0.0,0.0,0.0,57.0,1.25
2015-01-28,sewing,3,1.0,0.8,22.52,1350.0,6840,113.0,0.0,0.0,0.0,57.0,1.25
2015-01-28,sewing,4,0.800489676,0.8,22.52,1342.0,6780,50.0,0.0,0.0,0.0,56.5,1.0006
2015-01-28,sewing,5,0.800534483,0.6,20.79,1045.0,6960,88.0,0.0,0.0,0.0,58.0,1.3342
2015-01-28,sewing,6,0.437995338,0.35,18.79,511.0,1800,23.0,0.0,0.0,0.0,32.0,1.2514
2015-01-28,sewing,7,0.285333333,0.6,23.54,958.0,6600,0.0,0.0,0.0,0.0,55.0,0.4756
2015-01-28,sewing,8,0.467693269,0.7,38.09,336.0,6240,0.0,0.0,0.0,0.0,52.0,0.6681
2015-01-28,sewing,9,0.750593103,0.7,29.12,1340.0,6960,63.0,0.0,0.0,0.0,58.0,1.0723
2015-01-28,sewing,10,0.850532143,0.8,22.52,1175.0,6720,60.0,0.0,0.0,0.0,56.0,1.0632
2015-01-28,sewing,11,0.500567308,0.5,20.1,1413.0,5880,46.0,0.0,0.0,0.0,54.0,1.0011
2015-01-28,sewing,12,0.750283333,0.75,15.26,1429.0,3600,45.0,0.0,0.0,0.0,35.0,1.0004
2015-01-29,finishing,1,0.853666667,0.75,3.94,1039.0,1200,0.0,0.0,0.0,0.0,10.0,1.1382
2015-01-29,finishing,2,0.773333333,0.8,3.94,1039.0,1200,0.0,0.0,0.0,0.0,10.0,0.9667
2015-01-29,finishing,3,0.4925,0.8,3.94,1039.0,960,0.0,0.0,0.0,0.0,8.0,0.6156
2015-01-29,finishing,4,0.989,0.8,4.3,1039.0,1200,0.0,0.0,0.0,0.0,10.0,1.2362
2015-01-29,finishing,6,0.899,0.5,2.9,1039.0,1200,0.0,0.0,0.0,0.0,10.0,1.798
2015-01-29,finishing,8,0.877552083,0.65,4.15,1039.0,960,0.0,0.0,0.0,0.0,8.0,1.3501
2015-01-29,finishing,10,0.85695,0.8,3.94,1039.0,1200,0.0,0.0,0.0,0.0,10.0,1.0712
2015-01-29,finishing,11,0.864583333,0.6,2.9,1039.0,960,0.0,0.0,0.0,0.0,8.0,1.441
2015-01-29,finishing,12,0.634666667,0.75,4.08,1039.0,1080,0.0,0.0,0.0,0.0,9.0,0.8462
2015-01-29,sewing,1,0.850362069,0.75,22.94,1579.0,6960,81.0,0.0,0.0,0.0,58.0,1.1338
2015-01-29,sewing,2,1.0,0.8,22.52,1416.0,6840,113.0,0.0,0.0,0.0,57.0,1.25
2015-01-29,sewing,3,0.950185965,0.8,22.52,1287.0,6840,100.0,0.0,0.0,0.0,57.0,1.1877
2015-01-29,sewing,4,0.9008,0.8,22.52,1444.0,6900,88.0,0.0,0.0,0.0,57.5,1.126
2015-01-29,sewing,5,0.800473729,0.65,20.79,1015.0,7080,81.0,0.0,0.0,0.0,59.0,1.2315
2015-01-29,sewing,6,0.500117677,0.5,18.79,717.0,3960,23.0,0.0,0.0,0.0,33.0,1.0002
2015-01-29,sewing,7,0.48792,0.65,23.54,830.0,6600,0.0,0.0,0.0,0.0,55.0,0.7506
2015-01-29,sewing,9,0.850170115,0.7,29.12,1170.0,6960,53.0,0.0,0.0,0.0,58.0,1.2145
2015-01-29,sewing,10,0.900129762,0.8,22.52,1088.0,6720,88.0,0.0,0.0,0.0,56.0,1.1252
2015-01-29,sewing,11,0.60059761,0.6,20.1,1601.0,4320,46.0,0.0,0.0,0.0,51.0,1.001
2015-01-29,sewing,12,0.750646667,0.75,15.26,1436.0,4200,45.0,0.0,0.0,0.0,35.0,1.0009
2015-01-31,finishing,1,0.971866667,0.75,3.94,1039.0,1800,0.0,0.0,0.0,0.0,15.0,1.2958
2015-01-31,finishing,2,0.971866667,0.8,3.94,1039.0,1200,0.0,0.0,0.0,0.0,10.0,1.2148
2015-01-31,finishing,3,0.971866667,0.8,3.94,1039.0,960,0.0,0.0,0.0,0.0,8.0,1.2148
2015-01-31,finishing,4,0.971866667,0.8,3.94,1039.0,1200,0.0,0.0,0.0,0.0,10.0,1.2148
2015-01-31,finishing,5,0.971866667,0.7,3.94,1039.0,240,0.0,0.0,0.0,0.0,2.0,1.3884
2015-01-31,finishing,6,0.971866667,0.6,3.94,1039.0,1200,0.0,0.0,0.0,0.0,10.0,1.6198
2015-01-31,finishing,7,0.971866667,0.7,3.94,1039.0,1200,0.0,0.0,0.0,0.0,10.0,1.3884
2015-01-31,finishing,8,0.971866667,0.65,3.94,1039.0,960,0.0,0.0,0.0,0.0,8.0,1.4952
2015-01-31,finishing,9,0.971866667,0.75,3.94,1039.0,240,0.0,0.0,0.0,0.0,2.0,1.2958
2015-01-31,finishing,10,0.971866667,0.8,3.94,1039.0,1200,0.0,0.0,0.0,0.0,10.0,1.2148
2015-01-31,finishing,11,0.971866667,0.65,3.94,1039.0,600,0.0,0.0,0.0,0.0,5.0,1.4952
2015-01-31,finishing,12,0.971866667,0.75,4.08,1039.0,1080,0.0,0.0,0.0,0.0,9.0,1.2958
2015-01-31,sewing,1,0.850362069,0.75,22.94,1502.0,6960,81.0,0.0,0.0,0.0,58.0,1.1338
2015-01-31,sewing,2,1.0,0.8,22.52,1397.0,6840,113.0,0.0,0.0,0.0,57.0,1.25
2015-01-31,sewing,3,1.0,0.8,22.52,1136.0,6960,113.0,0.0,0.0,0.0,58.0,1.25
2015-01-31,sewing,4,0.900537069,0.8,22.52,1432.0,6660,88.0,0.0,0.0,0.0,57.5,1.1257
2015-01-31,sewing,5,0.656763743,0.7,50.89,282.0,5880,56.0,0.0,0.0,0.0,59.0,0.9382
2015-01-31,sewing,6,0.600710606,0.6,18.79,799.0,3960,23.0,0.0,0.0,0.0,33.0,1.0012
2015-01-31,sewing,7,0.388830357,0.7,23.54,1109.0,6720,0.0,0.0,0.0,0.0,56.0,0.5555
2015-01-31,sewing,8,0.286984568,0.5,23.54,1144.0,6480,0.0,0.0,0.0,0.0,54.0,0.574
2015-01-31,sewing,9,0.850610526,0.75,29.12,1082.0,6840,81.0,0.0,0.0,0.0,57.0,1.1341
2015-01-31,sewing,10,0.920236905,0.8,22.52,1116.0,6720,93.0,0.0,0.0,0.0,56.0,1.1503
2015-01-31,sewing,11,0.650148148,0.65,20.1,1417.0,6480,49.0,0.0,0.0,0.0,54.0,1.0002
2015-01-31,sewing,12,0.750646667,0.75,15.26,1209.0,4200,45.0,0.0,0.0,0.0,35.0,1.0009
2015-02-01,finishing,1,0.950438596,0.75,3.94,1039.0,2280,0.0,0.0,0.0,0.0,19.0,1.2673
2015-02-01,finishing,2,0.912766667,0.8,3.94,1039.0,1200,0.0,0.0,0.0,0.0,10.0,1.141
2015-02-01,finishing,4,0.845069444,0.8,4.3,1039.0,1440,0.0,0.0,0.0,0.0,12.0,1.0563
2015-02-01,finishing,6,0.314166667,0.6,2.9,1039.0,1200,0.0,0.0,0.0,0.0,10.0,0.5236
2015-02-01,finishing,7,0.892194444,0.7,3.94,1039.0,2160,0.0,0.0,0.0,0.0,18.0,1.2746
2015-02-01,finishing,8,1.0,0.65,4.15,1039.0,960,0.0,0.0,0.0,0.0,8.0,1.5385
2015-02-01,finishing,10,0.8865,0.8,3.94,1039.0,1200,0.0,0.0,0.0,0.0,10.0,1.1081
2015-02-01,finishing,12,0.702666667,0.75,4.08,1039.0,1080,0.0,0.0,0.0,0.0,9.0,0.9369
2015-02-01,sewing,1,1.0,0.8,22.94,1582.0,3060,113.0,0.0,0.0,0.0,58.5,1.25
2015-02-01,sewing,2,1.0,0.8,22.52,1396.0,6900,113.0,0.0,0.0,0.0,57.5,1.25
2015-02-01,sewing,3,0.950185965,0.8,22.52,1124.0,6840,100.0,0.0,0.0,0.0,57.0,1.1877
2015-02-01,sewing,4,0.85011396,0.8,22.52,1472.0,7020,60.0,0.0,0.0,0.0,58.5,1.0626
2015-02-01,sewing,6,0.651007071,0.65,18.79,881.0,3960,26.0,0.0,0.0,0.0,33.0,1.0015
2015-02-01,sewing,7,0.411553571,0.7,24.26,1400.0,6720,0.0,0.0,0.0,0.0,56.0,0.5879
2015-02-01,sewing,8,0.466821212,0.6,24.26,1196.0,6600,0.0,0.0,0.0,0.0,55.0,0.778
2015-02-01,sewing,9,0.750593103,0.75,29.12,1282.0,6960,45.0,0.0,0.0,0.0,58.0,1.0008
2015-02-01,sewing,10,0.850532143,0.8,22.52,1282.0,6720,75.0,0.0,0.0,0.0,56.0,1.0632
2015-02-01,sewing,11,0.700508929,0.7,20.1,1192.0,6120,75.0,0.0,0.0,0.0,54.0,1.0007
2015-02-01,sewing,12,0.750450658,0.75,15.26,1276.0,1440,45.0,0.0,0.0,0.0,35.0,1.0006
2015-02-02,finishing,1,0.504596491,0.75,3.94,1039.0,2280,0.0,0.0,0.0,0.0,19.0,0.6728
2015-02-02,finishing,4,0.809236111,0.8,4.3,1039.0,1440,0.0,0.0,0.0,0.0,12.0,1.0115
2015-02-02,finishing,6,0.280333333,0.6,2.9,1039.0,1200,0.0,0.0,0.0,0.0,10.0,0.4672
2015-02-02,finishing,8,0.561979167,0.65,4.15,1039.0,960,0.0,0.0,0.0,0.0,8.0,0.8646
2015-02-02,finishing,9,0.994270833,0.75,3.94,1039.0,960,0.0,0.0,0.0,0.0,8.0,1.3257
2015-02-02,finishing,10,0.85695,0.8,3.94,1039.0,1200,0.0,0.0,0.0,0.0,10.0,1.0712
2015-02-02,finishing,12,0.740444444,0.75,4.08,1039.0,1080,0.0,0.0,0.0,0.0,9.0,0.9873
2015-02-02,sewing,1,1.0,0.8,22.94,16882.0,7020,113.0,0.0,0.0,0.0,58.5,1.25
2015-02-02,sewing,2,0.900158405,0.8,22.52,21385.0,7020,88.0,0.0,0.0,0.0,58.5,1.1252
2015-02-02,sewing,3,0.90014152,0.8,22.52,21266.0,6840,70.0,0.0,0.0,0.0,57.0,1.1252
2015-02-02,sewing,4,0.800393224,0.8,22.52,23122.0,5940,50.0,0.0,0.0,0.0,56.5,1.0005
2015-02-02,sewing,5,0.500801724,0.5,30.1,839.0,6960,0.0,0.0,0.0,0.0,58.0,1.0016
2015-02-02,sewing,6,0.700354545,0.7,18.79,2984.0,3960,30.0,0.0,0.0,0.0,33.0,1.0005
2015-02-02,sewing,7,0.295307738,0.7,24.26,2698.0,6720,0.0,0.0,0.0,0.0,56.0,0.4219
2015-02-02,sewing,8,0.260978788,0.65,24.26,1435.0,6600,0.0,0.0,0.0,0.0,55.0,0.4015
2015-02-02,sewing,9,0.799963218,0.75,29.12,8992.0,6960,55.0,0.0,0.0,0.0,58.0,1.0666
2015-02-02,sewing,10,0.900129762,0.8,22.52,21540.0,6720,88.0,0.0,0.0,0.0,56.0,1.1252
2015-02-02,sewing,11,0.700398148,0.7,20.55,9792.0,6480,60.0,0.0,0.0,0.0,54.0,1.0006
2015-02-02,sewing,12,0.800401961,0.8,15.26,12261.0,3600,63.0,0.0,0.0,0.0,35.0,1.0005
2015-02-03,finishing,1,0.99485,0.8,3.94,1039.0,1200,0.0,0.0,0.0,0.0,10.0,1.2436
2015-02-03,finishing,2,1.0,0.8,3.94,1039.0,2400,0.0,0.0,0.0,0.0,20.0,1.25
2015-02-03,finishing,4,0.5375,0.8,4.3,1039.0,1440,0.0,0.0,0.0,0.0,12.0,0.6719
2015-02-03,finishing,6,0.495416667,0.7,2.9,1039.0,960,0.0,0.0,0.0,0.0,8.0,0.7077
2015-02-03,finishing,8,0.976979167,0.7,4.15,1039.0,960,0.0,0.0,0.0,0.0,8.0,1.3957
2015-02-03,finishing,9,0.919954545,0.75,3.94,1039.0,1320,0.0,0.0,0.0,0.0,11.0,1.2266
2015-02-03,finishing,12,0.778222222,0.8,4.08,1039.0,1080,0.0,0.0,0.0,0.0,9.0,0.9728
2015-02-03,sewing,1,1.0,0.8,22.52,1500.0,6900,113.0,0.0,0.0,0.0,57.5,1.25
2015-02-03,sewing,2,0.949981609,0.8,22.52,1452.0,6960,100.0,0.0,0.0,0.0,58.0,1.1875
2015-02-03,sewing,3,0.950185965,0.8,22.52,1112.0,6840,100.0,0.0,0.0,0.0,57.0,1.1877
2015-02-03,sewing,4,0.800434622,0.8,22.52,340.0,5460,63.0,0.0,0.0,0.0,56.5,1.0005
2015-02-03,sewing,5,0.415172414,0.6,30.1,415.0,6960,0.0,0.0,0.0,0.0,58.0,0.692
2015-02-03,sewing,6,0.700184577,0.7,18.79,913.0,4020,30.0,0.0,0.0,0.0,33.5,1.0003
2015-02-03,sewing,7,0.541517857,0.7,24.26,1639.0,6720,0.0,0.0,0.0,0.0,56.0,0.7736
2015-02-03,sewing,8,0.586465465,0.7,24.26,1363.0,6660,0.0,0.0,0.0,0.0,55.5,0.8378
2015-02-03,sewing,9,0.750593103,0.75,29.12,1070.0,6960,34.0,0.0,0.0,0.0,58.0,1.0008
2015-02-03,sewing,10,0.999995238,0.8,22.52,1188.0,6720,90.0,0.0,0.0,0.0,56.0,1.25
2015-02-03,sewing,11,0.700513566,0.7,25.31,946.0,5760,60.0,0.0,0.0,0.0,54.0,1.0007
2015-02-03,sewing,12,0.800259023,0.8,15.26,1029.0,2040,50.0,0.0,0.0,0.0,35.0,1.0003
2015-02-04,finishing,1,0.929183333,0.8,3.94,1039.0,1200,0.0,0.0,0.0,0.0,10.0,1.1615
2015-02-04,finishing,2,0.966759259,0.8,3.94,1039.0,2160,0.0,0.0,0.0,0.0,18.0,1.2084
2015-02-04,finishing,6,0.531666667,0.7,2.9,1039.0,960,0.0,0.0,0.0,0.0,8.0,0.7595
2015-02-04,finishing,7,0.779791667,0.7,3.94,1039.0,960,0.0,0.0,0.0,0.0,8.0,1.114
2015-02-04,finishing,8,0.915766667,0.7,4.15,1039.0,3000,0.0,0.0,0.0,0.0,25.0,1.3082
2015-02-04,finishing,9,0.755166667,0.75,3.94,1039.0,960,0.0,0.0,0.0,0.0,8.0,1.0069
2015-02-04,finishing,12,0.687555556,0.8,4.08,1039.0,1080,0.0,0.0,0.0,0.0,9.0,0.8594
2015-02-04,sewing,1,0.900147246,0.8,22.52,1532.0,6900,88.0,0.0,0.0,0.0,57.5,1.1252
2015-02-04,sewing,2,1.0,0.8,22.52,1263.0,6900,100.0,0.0,0.0,0.0,57.5,1.25
2015-02-04,sewing,3,1.0,0.8,22.52,968.0,6840,113.0,0.0,0.0,0.0,57.0,1.25
2015-02-04,sewing,4,0.350706422,0.35,30.1,287.0,6060,23.0,150.0,15.0,0.0,55.5,1.002
2015-02-04,sewing,5,0.650834808,0.65,30.1,326.0,5820,0.0,90.0,10.0,0.0,58.5,1.0013
2015-02-04,sewing,6,0.700710417,0.7,18.79,941.0,3360,30.0,0.0,0.0,0.0,33.0,1.001
2015-02-04,sewing,7,0.700612069,0.7,24.26,1471.0,6960,0.0,0.0,0.0,0.0,58.0,1.0009
2015-02-04,sewing,8,0.700135088,0.7,29.12,1248.0,6840,0.0,0.0,0.0,0.0,57.0,1.0002
2015-02-04,sewing,9,0.799963218,0.8,22.52,1086.0,6960,50.0,0.0,0.0,0.0,58.0,1.0
2015-02-04,sewing,10,0.999995238,0.8,22.52,1108.0,6720,113.0,0.0,0.0,0.0,56.0,1.25
2015-02-04,sewing,11,0.700278846,0.7,10.05,1042.0,6120,60.0,0.0,0.0,0.0,53.0,1.0004
2015-02-04,sewing,12,0.800401961,0.8,15.26,1094.0,4080,38.0,0.0,0.0,0.0,34.0,1.0005
2015-02-05,finishing,1,0.845458333,0.8,3.94,1039.0,1440,0.0,0.0,0.0,0.0,12.0,1.0568
2015-02-05,finishing,2,0.999924242,0.8,3.94,1039.0,2640,0.0,0.0,0.0,0.0,22.0,1.2499
2015-02-05,finishing,6,0.9425,0.7,2.9,1039.0,960,0.0,0.0,0.0,0.0,8.0,1.3464
2015-02-05,finishing,7,0.8471,0.7,3.94,1039.0,1200,0.0,0.0,0.0,0.0,10.0,1.2101
2015-02-05,finishing,10,0.771583333,0.8,3.94,1039.0,960,0.0,0.0,0.0,0.0,8.0,0.9645
2015-02-05,finishing,12,0.906666667,0.8,4.08,1039.0,1080,0.0,0.0,0.0,0.0,9.0,1.1333
2015-02-05,sewing,1,1.0,0.8,22.52,1485.0,6900,113.0,0.0,0.0,0.0,57.5,1.25
2015-02-05,sewing,2,1.0,0.8,22.52,1300.0,6780,113.0,0.0,0.0,0.0,56.5,1.25
2015-02-05,sewing,3,0.950185965,0.8,22.52,1063.0,6840,100.0,0.0,0.0,0.0,57.0,1.1877
2015-02-05,sewing,4,0.500720126,0.5,30.1,417.0,6360,23.0,0.0,0.0,1.0,53.0,1.0014
2015-02-05,sewing,5,0.562212644,0.7,30.1,557.0,6960,0.0,0.0,0.0,0.0,58.0,0.8032
2015-02-05,sewing,6,0.700079032,0.7,18.79,766.0,2760,30.0,0.0,0.0,0.0,33.0,1.0001
2015-02-05,sewing,7,0.522844828,0.07,24.26,1608.0,6960,0.0,0.0,0.0,0.0,58.0,7.4692
2015-02-05,sewing,8,0.496549708,0.7,24.26,1167.0,6840,0.0,0.0,0.0,0.0,57.0,0.7094
2015-02-05,sewing,9,0.799963218,0.8,29.12,1069.0,6960,50.0,0.0,0.0,0.0,58.0,1.0
2015-02-05,sewing,10,0.999995238,0.8,22.52,1039.0,6720,113.0,0.0,0.0,0.0,56.0,1.25
2015-02-05,sewing,11,0.7504,0.75,10.05,668.0,2520,34.0,0.0,0.0,0.0,26.0,1.0005
2015-02-05,sewing,12,0.800612676,0.8,15.26,1083.0,720,38.0,0.0,0.0,0.0,34.0,1.0008
2015-02-07,finishing,1,0.870083333,0.8,3.94,1039.0,1200,0.0,0.0,0.0,0.0,10.0,1.0876
2015-02-07,finishing,2,1.0,0.8,3.94,1039.0,3000,0.0,0.0,0.0,0.0,25.0,1.25
2015-02-07,finishing,4,0.447916667,0.8,4.3,1039.0,960,0.0,0.0,0.0,0.0,8.0,0.5599
2015-02-07,finishing,6,0.845833333,0.75,2.9,1039.0,960,0.0,0.0,0.0,0.0,8.0,1.1278
2015-02-07,finishing,7,0.715766667,0.7,3.94,1039.0,1200,0.0,0.0,0.0,0.0,10.0,1.0225
2015-02-07,finishing,9,0.771583333,0.8,3.94,1039.0,960,0.0,0.0,0.0,0.0,8.0,0.9645
2015-02-07,finishing,12,0.899111111,0.8,4.08,1039.0,1080,0.0,0.0,0.0,0.0,9.0,1.1239
2015-02-07,sewing,1,0.900135693,0.8,22.52,1534.0,6780,88.0,0.0,0.0,0.0,57.0,1.1252
2015-02-07,sewing,2,1.0,0.8,22.52,1186.0,6900,113.0,0.0,0.0,0.0,58.0,1.25
2015-02-07,sewing,3,0.950185965,0.8,22.52,1060.0,6840,100.0,0.0,0.0,0.0,57.0,1.1877
2015-02-07,sewing,4,0.600224189,0.6,30.1,486.0,6780,30.0,0.0,0.0,1.0,57.0,1.0004
2015-02-07,sewing,5,0.545657673,0.7,30.1,687.0,7500,0.0,0.0,0.0,0.0,59.0,0.7795
2015-02-07,sewing,6,0.750520115,0.75,18.79,813.0,1560,34.0,0.0,0.0,0.0,33.0,1.0007
2015-02-07,sewing,7,0.662270115,0.7,24.26,658.0,6960,0.0,270.0,45.0,0.0,58.0,0.9461
2015-02-07,sewing,8,0.365318713,0.7,24.26,652.0,6840,0.0,300.0,37.0,0.0,57.0,0.5219
2015-02-07,sewing,9,0.799963218,0.8,29.12,829.0,6960,50.0,0.0,0.0,0.0,58.0,1.0
2015-02-07,sewing,10,0.900129762,0.8,22.52,1142.0,6720,88.0,0.0,0.0,0.0,56.0,1.1252
2015-02-07,sewing,11,0.750027778,0.75,10.05,677.0,3240,45.0,0.0,0.0,0.0,27.0,1.0
2015-02-07,sewing,12,0.800401961,0.8,15.26,1021.0,4080,63.0,0.0,0.0,0.0,34.0,1.0005
2015-02-08,finishing,1,0.893066667,0.8,3.94,1039.0,1200,0.0,0.0,0.0,0.0,10.0,1.1163
2015-02-08,finishing,2,0.875555556,0.8,3.94,1039.0,2160,0.0,0.0,0.0,0.0,18.0,1.0944
2015-02-08,finishing,6,0.610208333,0.75,2.9,1039.0,960,0.0,0.0,0.0,0.0,8.0,0.8136
2015-02-08,finishing,7,0.928680556,0.7,4.15,1039.0,1440,0.0,0.0,0.0,0.0,12.0,1.3267
2015-02-08,finishing,8,0.840888889,0.7,4.15,1039.0,1800,0.0,0.0,0.0,0.0,15.0,1.2013
2015-02-08,finishing,9,0.607416667,0.8,3.94,1039.0,960,0.0,0.0,0.0,0.0,8.0,0.7593
2015-02-08,finishing,12,0.891555556,0.8,4.08,1039.0,1080,0.0,0.0,0.0,0.0,9.0,1.1144
2015-02-08,sewing,1,0.900135693,0.8,22.52,1615.0,6780,88.0,0.0,0.0,0.0,56.5,1.1252
2015-02-08,sewing,2,1.0,0.8,22.52,1233.0,6900,113.0,0.0,0.0,0.0,57.5,1.25
2015-02-08,sewing,3,0.900129762,0.8,22.52,1283.0,6720,88.0,0.0,0.0,0.0,56.0,1.1252
2015-02-08,sewing,4,0.568259587,0.65,30.1,712.0,6780,44.0,0.0,0.0,1.0,56.5,0.8742
2015-02-08,sewing,5,0.700618234,0.7,30.1,754.0,7020,0.0,0.0,0.0,0.0,58.5,1.0009
2015-02-08,sewing,6,0.75065101,0.75,18.79,670.0,3960,34.0,0.0,0.0,0.0,33.0,1.0009
2015-02-08,sewing,7,0.355534483,0.7,24.26,148.0,6960,0.0,0.0,0.0,0.0,58.0,0.5079
2015-02-08,sewing,8,0.353259649,0.7,24.26,154.0,6840,0.0,0.0,0.0,0.0,57.0,0.5047
2015-02-08,sewing,9,0.799963218,0.8,29.12,909.0,6960,50.0,0.0,0.0,0.0,58.0,1.0
2015-02-08,sewing,10,0.9008,0.8,22.52,1388.0,6720,88.0,0.0,0.0,0.0,56.0,1.126
2015-02-08,sewing,11,0.750027778,0.75,10.05,629.0,3240,45.0,0.0,0.0,0.0,27.0,1.0
2015-02-08,sewing,12,0.800355208,0.8,15.26,1026.0,2880,63.0,0.0,0.0,0.0,34.0,1.0004
2015-02-09,finishing,1,0.962016667,0.8,3.94,1039.0,1200,0.0,0.0,0.0,0.0,10.0,1.2025
2015-02-09,finishing,2,1.0,0.8,3.94,1039.0,2160,0.0,0.0,0.0,0.0,18.0,1.25
2015-02-09,finishing,6,0.888125,0.75,2.9,1039.0,960,0.0,0.0,0.0,0.0,8.0,1.1842
2015-02-09,finishing,8,0.707111111,0.35,4.15,1039.0,1800,0.0,0.0,0.0,0.0,15.0,2.0203
2015-02-09,finishing,9,0.697708333,0.8,3.94,1039.0,960,0.0,0.0,0.0,0.0,8.0,0.8721
2015-02-09,finishing,12,0.272,0.8,4.08,1039.0,1080,0.0,0.0,0.0,0.0,9.0,0.34
2015-02-09,sewing,1,0.900509044,0.8,22.52,1506.0,3600,70.0,0.0,0.0,0.0,57.0,1.1256
2015-02-09,sewing,2,0.900477825,0.8,22.52,1413.0,360,70.0,0.0,0.0,0.0,57.0,1.1256
2015-02-09,sewing,3,0.800161172,0.8,22.52,1271.0,5400,50.0,0.0,0.0,0.0,57.0,1.0002
2015-02-09,sewing,4,0.790003236,0.7,30.1,767.0,3300,50.0,0.0,0.0,1.0,57.0,1.1286
2015-02-09,sewing,5,0.700618234,0.7,30.1,773.0,7020,40.0,0.0,0.0,0.0,58.0,1.0009
2015-02-09,sewing,6,0.612517157,0.75,18.79,708.0,4080,0.0,0.0,0.0,0.0,34.0,0.8167
2015-02-09,sewing,7,0.350301724,0.35,30.1,842.0,6960,0.0,0.0,0.0,1.0,58.0,1.0009
2015-02-09,sewing,8,0.350301724,0.35,30.1,901.0,6960,0.0,0.0,0.0,1.0,58.0,1.0009
2015-02-09,sewing,9,0.799963218,0.8,29.12,1073.0,6960,50.0,0.0,0.0,0.0,58.0,1.0
2015-02-09,sewing,10,0.9008,0.8,22.52,1127.0,120,88.0,0.0,0.0,0.0,56.0,1.126
2015-02-09,sewing,11,0.750648148,0.75,10.05,103.0,0,45.0,0.0,0.0,0.0,54.0,1.0009
2015-02-09,sewing,12,0.800401961,0.8,15.26,970.0,4080,63.0,0.0,0.0,0.0,34.0,1.0005
2015-02-10,finishing,1,0.853666667,0.8,3.94,1039.0,1440,0.0,0.0,0.0,0.0,12.0,1.0671
2015-02-10,finishing,2,0.966759259,0.8,3.94,1039.0,2160,0.0,0.0,0.0,0.0,18.0,1.2084
2015-02-10,finishing,4,0.796755556,0.7,4.15,1039.0,1800,0.0,0.0,0.0,0.0,15.0,1.1382
2015-02-10,finishing,6,0.628333333,0.75,2.9,1039.0,960,0.0,0.0,0.0,0.0,8.0,0.8378
2015-02-10,finishing,8,0.703770833,0.35,4.15,1039.0,960,0.0,0.0,0.0,0.0,8.0,2.0108
2015-02-10,finishing,9,0.6895,0.8,3.94,1039.0,960,0.0,0.0,0.0,0.0,8.0,0.8619
2015-02-10,finishing,12,1.0,0.8,4.08,1039.0,1080,0.0,0.0,0.0,0.0,9.0,1.25
2015-02-10,sewing,1,0.90047076,0.8,22.52,1546.0,0,88.0,0.0,0.0,0.0,57.0,1.1256
2015-02-10,sewing,2,0.899984058,0.8,22.52,1512.0,0,88.0,0.0,0.0,0.0,57.0,1.125
2015-02-10,sewing,3,0.90047076,0.8,22.52,813.0,0,88.0,0.0,0.0,0.0,57.0,1.1256
2015-02-10,sewing,4,0.700618234,0.7,30.1,855.0,7020,40.0,0.0,0.0,1.0,58.0,1.0009
2015-02-10,sewing,5,0.750356125,0.75,30.1,855.0,7020,45.0,0.0,0.0,0.0,58.0,1.0005
2015-02-10,sewing,6,0.750797009,0.75,18.79,640.0,2400,0.0,0.0,0.0,0.0,34.0,1.0011
2015-02-10,sewing,7,0.500801724,0.5,30.1,1025.0,6960,23.0,0.0,0.0,1.0,58.0,1.0016
2015-02-10,sewing,8,0.393548851,0.5,30.1,1061.0,6960,30.0,0.0,0.0,1.0,58.0,0.7871
2015-02-10,sewing,9,0.8008,0.8,29.12,1263.0,2160,38.0,0.0,0.0,0.0,58.0,1.001
2015-02-10,sewing,10,0.90063244,0.8,22.52,1268.0,0,88.0,0.0,0.0,0.0,56.0,1.1258
2015-02-10,sewing,11,0.750648148,0.8,10.05,13.0,3240,34.0,0.0,0.0,0.0,54.0,0.9383
2015-02-10,sewing,12,0.800401961,0.8,15.26,900.0,4080,50.0,0.0,0.0,0.0,34.0,1.0005
2015-02-11,finishing,1,0.618361111,0.8,3.94,1039.0,1440,0.0,0.0,0.0,0.0,12.0,0.773
2015-02-11,finishing,2,0.912037037,0.8,3.94,1039.0,2160,0.0,0.0,0.0,0.0,18.0,1.14
2015-02-11,finishing,4,1.0,0.7,4.15,1039.0,1800,0.0,0.0,0.0,0.0,15.0,1.4286
2015-02-11,finishing,5,0.87,0.7,4.15,1039.0,240,0.0,0.0,0.0,0.0,2.0,1.2429
2015-02-11,finishing,8,0.994375,0.35,4.15,1039.0,1440,0.0,0.0,0.0,0.0,12.0,2.8411
2015-02-11,finishing,9,0.54175,0.8,3.94,1039.0,960,0.0,0.0,0.0,0.0,8.0,0.6772
2015-02-11,finishing,12,1.0,0.8,4.08,1039.0,1080,0.0,0.0,0.0,0.0,9.0,1.25
2015-02-11,sewing,1,1.0,0.8,22.52,1498.0,0,113.0,0.0,0.0,0.0,57.0,1.25
2015-02-11,sewing,2,1.0,0.8,22.52,1557.0,0,90.0,0.0,0.0,0.0,57.5,1.25
2015-02-11,sewing,3,0.536901754,0.8,22.52,11.0,6840,0.0,0.0,0.0,1.0,57.0,0.6711
2015-02-11,sewing,4,0.700588406,0.7,30.1,667.0,5940,40.0,0.0,0.0,1.0,59.5,1.0008
2015-02-11,sewing,5,0.750406233,0.75,30.1,788.0,7380,56.0,0.0,0.0,0.0,59.5,1.0005
2015-02-11,sewing,6,0.800947475,0.8,18.79,656.0,3480,38.0,0.0,0.0,0.0,34.0,1.0012
2015-02-11,sewing,7,0.600070513,0.6,30.1,829.0,3360,23.0,0.0,0.0,1.0,58.0,1.0001
2015-02-11,sewing,8,0.714410494,0.6,30.1,1069.0,4560,30.0,0.0,0.0,1.0,58.0,1.1907
2015-02-11,sewing,9,0.800144144,0.8,29.12,609.0,3240,50.0,0.0,0.0,0.0,58.0,1.0002
2015-02-11,sewing,10,0.850364583,0.8,22.52,598.0,0,75.0,0.0,0.0,0.0,56.0,1.063
2015-02-11,sewing,11,0.507903226,0.35,11.41,434.0,3240,0.0,0.0,0.0,1.0,52.0,1.4512
2015-02-11,sewing,12,0.800401961,0.8,15.26,854.0,4080,50.0,0.0,0.0,0.0,34.0,1.0005
2015-02-12,finishing,1,0.664875,0.8,3.94,1039.0,1440,0.0,0.0,0.0,0.0,12.0,0.8311
2015-02-12,finishing,2,0.601944444,0.8,3.94,1039.0,2160,0.0,0.0,0.0,0.0,18.0,0.7524
2015-02-12,finishing,4,1.0,0.7,4.15,1039.0,1800,0.0,0.0,0.0,0.0,15.0,1.4286
2015-02-12,finishing,5,0.58,0.7,4.15,1039.0,240,0.0,0.0,0.0,0.0,2.0,0.8286
2015-02-12,finishing,8,0.755486111,0.35,4.15,1039.0,1440,0.0,0.0,0.0,0.0,12.0,2.1585
2015-02-12,finishing,9,0.656666667,0.8,3.94,1039.0,960,0.0,0.0,0.0,0.0,8.0,0.8208
2015-02-12,finishing,12,0.838666667,0.8,4.08,1039.0,1080,0.0,0.0,0.0,0.0,9.0,1.0483
2015-02-12,sewing,1,1.0,0.8,22.52,1397.0,0,138.0,0.0,0.0,0.0,57.0,1.25
2015-02-12,sewing,2,1.0,0.8,22.52,1327.0,0,113.0,0.0,0.0,0.0,57.5,1.25
2015-02-12,sewing,3,0.350301724,0.35,30.1,770.0,6960,0.0,0.0,0.0,1.0,58.0,1.0009
2015-02-12,sewing,4,0.637711864,0.7,30.1,419.0,7080,0.0,0.0,0.0,1.0,59.0,0.911
2015-02-12,sewing,5,0.750799435,0.75,30.1,610.0,7080,56.0,0.0,0.0,0.0,59.0,1.0011
2015-02-12,sewing,6,0.688017677,0.8,18.79,779.0,3960,0.0,0.0,0.0,0.0,33.0,0.86
2015-02-12,sewing,7,0.535677966,0.65,30.1,909.0,7080,0.0,0.0,0.0,1.0,59.0,0.8241
2015-02-12,sewing,8,0.463403955,0.65,30.1,1193.0,7080,0.0,0.0,0.0,1.0,59.0,0.7129
2015-02-12,sewing,9,0.497885057,0.8,29.12,14.0,6960,0.0,0.0,0.0,0.0,58.0,0.6224
2015-02-12,sewing,10,0.441392,0.8,22.52,10.0,6000,0.0,0.0,0.0,0.0,50.0,0.5517
2015-02-12,sewing,11,0.50012336,0.5,11.41,1039.0,2280,0.0,0.0,0.0,2.0,55.0,1.0002
2015-02-12,sewing,12,0.800401961,0.8,15.26,894.0,4080,50.0,0.0,0.0,0.0,34.0,1.0005
2015-02-14,finishing,1,0.796208333,0.8,3.94,1039.0,1440,0.0,0.0,0.0,0.0,12.0,0.9953
2015-02-14,finishing,4,0.902916667,0.75,4.15,1039.0,2400,0.0,0.0,0.0,0.0,20.0,1.2039
2015-02-14,finishing,6,0.483333333,0.8,2.9,1039.0,960,0.0,0.0,0.0,0.0,8.0,0.6042
2015-02-14,finishing,7,0.929277778,0.7,4.15,1039.0,1800,0.0,0.0,0.0,0.0,15.0,1.3275
2015-02-14,finishing,8,0.725625,0.7,4.15,1039.0,960,0.0,0.0,0.0,0.0,8.0,1.0366
2015-02-14,finishing,9,0.238041667,0.8,3.94,1039.0,960,0.0,0.0,0.0,0.0,8.0,0.2976
2015-02-14,finishing,12,0.800888889,0.8,4.08,1039.0,1080,0.0,0.0,0.0,0.0,9.0,1.0011
2015-02-14,sewing,1,1.0,0.8,22.52,1416.0,6840,113.0,0.0,0.0,0.0,57.0,1.25
2015-02-14,sewing,2,0.80037492,0.8,22.52,674.0,3660,63.0,0.0,0.0,0.0,57.0,1.0005
2015-02-14,sewing,3,0.500801724,0.5,30.1,1261.0,6960,30.0,0.0,0.0,1.0,58.0,1.0016
2015-02-14,sewing,4,0.750392157,0.75,30.1,481.0,7140,0.0,0.0,0.0,1.0,59.0,1.0005
2015-02-14,sewing,5,0.750392157,0.75,30.1,664.0,7140,56.0,0.0,0.0,0.0,59.0,1.0005
2015-02-14,sewing,6,0.557252451,0.8,18.79,822.0,4080,0.0,0.0,0.0,0.0,34.0,0.6966
2015-02-14,sewing,7,0.602,0.7,30.1,957.0,7200,0.0,0.0,0.0,1.0,60.0,0.86
2015-02-14,sewing,8,0.700206125,0.7,30.1,824.0,5160,0.0,0.0,0.0,1.0,60.0,1.0003
2015-02-14,sewing,11,0.600447507,0.6,11.41,1039.0,2280,23.0,0.0,0.0,2.0,55.0,1.0007
2015-02-14,sewing,12,0.800401961,0.8,15.26,942.0,4080,63.0,0.0,0.0,0.0,34.0,1.0005
2015-02-15,finishing,1,1.0,0.8,3.94,1039.0,960,0.0,0.0,0.0,0.0,8.0,1.25
2015-02-15,finishing,2,1.0,0.8,3.94,1039.0,960,0.0,0.0,0.0,0.0,8.0,1.25
2015-02-15,finishing,4,0.287041667,0.75,4.15,1039.0,2400,0.0,0.0,0.0,0.0,20.0,0.3827
2015-02-15,finishing,5,0.760833333,0.75,4.15,1039.0,240,0.0,0.0,0.0,0.0,2.0,1.0144
2015-02-15,finishing,6,0.604166667,0.8,2.9,1039.0,960,0.0,0.0,0.0,0.0,8.0,0.7552
2015-02-15,finishing,8,0.605208333,0.7,4.15,1039.0,960,0.0,0.0,0.0,0.0,8.0,0.8646
2015-02-15,finishing,11,0.715333333,0.6,2.9,1039.0,1200,0.0,0.0,0.0,0.0,10.0,1.1922
2015-02-15,finishing,12,0.876444444,0.8,4.08,1039.0,1080,0.0,0.0,0.0,0.0,9.0,1.0956
2015-02-15,sewing,1,1.0,0.8,22.52,1420.0,6840,113.0,0.0,0.0,0.0,57.0,1.25
2015-02-15,sewing,2,0.432122899,0.8,22.52,12.0,6900,0.0,0.0,0.0,0.0,57.5,0.5402
2015-02-15,sewing,3,0.475718391,0.6,30.1,1361.0,6960,30.0,0.0,0.0,1.0,58.0,0.7929
2015-02-15,sewing,4,0.598627451,0.75,30.1,919.0,7140,0.0,0.0,0.0,1.0,59.5,0.7982
2015-02-15,sewing,5,0.722568627,0.8,30.1,679.0,7140,0.0,0.0,0.0,0.0,59.5,0.9032
2015-02-15,sewing,6,0.681598039,0.75,18.79,814.0,4080,0.0,0.0,0.0,0.0,34.0,0.9088
2015-02-15,sewing,7,0.700632768,0.7,30.1,881.0,7080,0.0,0.0,0.0,1.0,59.0,1.0009
2015-02-15,sewing,8,0.700573099,0.7,30.1,507.0,5880,40.0,2.0,10.0,1.0,59.0,1.0008
2015-02-15,sewing,9,0.283054487,0.5,18.79,1688.0,5280,0.0,0.0,0.0,1.0,54.0,0.5661
2015-02-15,sewing,11,0.650223718,0.65,11.41,700.0,2640,23.0,0.0,0.0,2.0,53.0,1.0003
2015-02-15,sewing,12,0.800806306,0.8,15.26,1120.0,1440,50.0,0.0,0.0,0.0,34.0,1.001
2015-02-16,finishing,3,0.864583333,0.5,4.15,1039.0,960,0.0,0.0,0.0,0.0,8.0,1.7292
2015-02-16,finishing,4,0.722333333,0.75,4.15,1039.0,1800,0.0,0.0,0.0,0.0,15.0,0.9631
2015-02-16,finishing,5,0.629416667,0.75,4.15,1039.0,1200,0.0,0.0,0.0,0.0,10.0,0.8392
2015-02-16,finishing,6,0.773333333,0.8,2.9,1039.0,960,0.0,0.0,0.0,0.0,8.0,0.9667
2015-02-16,finishing,7,0.258,0.7,4.15,1039.0,1800,0.0,0.0,0.0,0.0,15.0,0.3686
2015-02-16,finishing,9,0.960433333,0.8,3.94,1039.0,1200,0.0,0.0,0.0,0.0,10.0,1.2005
2015-02-16,finishing,12,0.891555556,0.8,4.08,1039.0,1080,0.0,0.0,0.0,0.0,9.0,1.1144
2015-02-16,sewing,1,1.0,0.8,22.52,1422.0,6840,113.0,0.0,0.0,0.0,57.0,1.25
2015-02-16,sewing,3,0.802243319,0.65,30.1,1263.0,600,63.0,0.0,0.0,1.0,58.0,1.2342
2015-02-16,sewing,4,0.750356125,0.75,30.1,912.0,7020,0.0,0.0,0.0,1.0,58.0,1.0005
2015-02-16,sewing,5,0.800980392,0.8,30.1,461.0,0,0.0,0.0,0.0,0.0,59.0,1.0012
2015-02-16,sewing,6,0.75065101,0.75,18.79,895.0,3960,0.0,0.0,0.0,0.0,33.0,1.0009
2015-02-16,sewing,7,0.700459889,0.7,30.1,784.0,600,30.0,0.0,0.0,1.0,59.0,1.0007
2015-02-16,sewing,8,0.621971751,0.7,30.1,7.0,7080,27.0,2.0,10.0,2.0,59.0,0.8885
2015-02-16,sewing,9,0.329964879,0.6,18.79,2103.0,5400,0.0,0.0,0.0,1.0,54.0,0.5499
2015-02-16,sewing,10,0.35542803,0.6,18.22,1131.0,5280,0.0,0.0,0.0,1.0,44.0,0.5924
2015-02-16,sewing,11,0.565972222,0.7,11.41,680.0,2160,30.0,0.0,0.0,2.0,54.0,0.8085
2015-02-16,sewing,12,0.800312375,0.8,15.26,1079.0,3720,38.0,0.0,0.0,0.0,34.0,1.0004
2015-02-17,finishing,2,0.5814,0.8,5.13,1039.0,1800,0.0,0.0,0.0,0.0,15.0,0.7268
2015-02-17,finishing,3,0.7866,0.5,5.13,1039.0,1800,0.0,0.0,0.0,0.0,15.0,1.5732
2015-02-17,finishing,4,0.656666667,0.75,5.13,1039.0,960,0.0,0.0,0.0,0.0,8.0,0.8756
2015-02-17,finishing,6,0.749166667,0.8,2.9,1039.0,960,0.0,0.0,0.0,0.0,8.0,0.9365
2015-02-17,finishing,7,0.91375,0.7,5.13,1039.0,1200,0.0,0.0,0.0,0.0,10.0,1.3054
2015-02-17,finishing,9,0.586041667,0.8,3.94,1039.0,960,0.0,0.0,0.0,0.0,8.0,0.7326
2015-02-17,finishing,10,0.927541667,0.8,3.94,1039.0,960,0.0,0.0,0.0,0.0,8.0,1.1594
2015-02-17,finishing,12,0.9025,0.8,5.13,1039.0,1080,0.0,0.0,0.0,0.0,9.0,1.1281
2015-02-17,sewing,1,1.0,0.8,22.52,1445.0,6840,113.0,0.0,0.0,0.0,57.0,1.25
2015-02-17,sewing,2,0.361071429,0.5,30.33,838.0,6720,0.0,0.0,0.0,1.0,56.0,0.7221
2015-02-17,sewing,3,0.700603448,0.7,30.1,1422.0,6960,50.0,0.0,0.0,1.0,58.0,1.0009
2015-02-17,sewing,4,0.750356125,0.75,30.1,849.0,7020,45.0,0.0,0.0,1.0,58.0,1.0005
2015-02-17,sewing,5,0.653431373,0.8,30.1,680.0,7140,0.0,0.0,0.0,0.0,59.0,0.8168
2015-02-17,sewing,6,0.750621354,0.75,18.79,726.0,3360,0.0,0.0,0.0,0.0,33.0,1.0008
2015-02-17,sewing,7,0.700888203,0.7,30.1,562.0,840,30.0,0.0,0.0,1.0,59.0,1.0013
2015-02-17,sewing,8,0.600982906,0.6,29.4,179.0,0,23.0,5.0,30.0,2.0,58.0,1.0016
2015-02-17,sewing,9,0.650134,0.65,18.79,2120.0,5520,0.0,0.0,0.0,1.0,51.0,1.0002
2015-02-17,sewing,10,0.302117347,0.65,18.22,741.0,0,0.0,8.0,35.0,1.0,49.0,0.4648
2015-02-17,sewing,11,0.700614035,0.7,11.41,1054.0,3420,30.0,0.0,0.0,2.0,56.0,1.0009
2015-02-17,sewing,12,0.800401961,0.8,15.26,1133.0,4080,38.0,0.0,0.0,0.0,34.0,1.0005
2015-02-18,finishing,2,0.919125,0.8,5.13,1039.0,1440,0.0,0.0,0.0,0.0,12.0,1.1489
2015-02-18,finishing,3,0.2565,0.5,5.13,1039.0,960,0.0,0.0,0.0,0.0,8.0,0.513
2015-02-18,finishing,4,0.734645833,0.75,5.13,1039.0,960,0.0,0.0,0.0,0.0,8.0,0.9795
2015-02-18,finishing,6,0.936861111,0.8,2.9,1039.0,1440,0.0,0.0,0.0,0.0,12.0,1.1711
2015-02-18,finishing,7,0.671875,0.7,5.13,1039.0,960,0.0,0.0,0.0,0.0,8.0,0.9598
2015-02-18,finishing,8,0.58,0.7,5.13,1039.0,960,0.0,0.0,0.0,0.0,8.0,0.8286
2015-02-18,finishing,9,0.549791667,0.8,3.94,1039.0,960,0.0,0.0,0.0,0.0,8.0,0.6872
2015-02-18,finishing,10,0.64025,0.8,3.94,1039.0,960,0.0,0.0,0.0,0.0,8.0,0.8003
2015-02-18,finishing,12,0.9918,0.8,5.13,1039.0,1200,0.0,0.0,0.0,0.0,10.0,1.2397
2015-02-18,sewing,1,0.800279693,0.8,22.52,1374.0,3960,63.0,0.0,0.0,0.0,57.0,1.0003
2015-02-18,sewing,2,0.328131579,0.6,30.33,868.0,6840,0.0,0.0,0.0,1.0,57.0,0.5469
2015-02-18,sewing,3,0.700603448,0.7,30.1,1057.0,0,40.0,0.0,0.0,1.0,58.0,1.0009
2015-02-18,sewing,4,0.800980392,0.8,30.1,864.0,480,50.0,0.0,0.0,1.0,58.0,1.0012
2015-02-18,sewing,5,0.800980392,0.8,30.1,511.0,0,0.0,0.0,0.0,0.0,59.0,1.0012
2015-02-18,sewing,6,0.75065101,0.75,18.79,759.0,3960,34.0,0.0,0.0,0.0,33.0,1.0009
2015-02-18,sewing,7,0.75053268,0.75,30.1,553.0,2280,45.0,0.0,0.0,1.0,59.0,1.0007
2015-02-18,sewing,8,0.251399254,0.65,29.4,962.0,4560,0.0,4.5,30.0,2.0,57.0,0.3868
2015-02-18,sewing,9,0.70009573,0.7,18.79,1587.0,4560,30.0,0.0,0.0,1.0,51.0,1.0001
2015-02-18,sewing,10,0.303574468,0.7,19.68,1119.0,5640,0.0,8.0,35.0,1.0,47.0,0.4337
2015-02-18,sewing,11,0.8211125,0.7,11.41,685.0,3360,30.0,0.0,0.0,2.0,56.0,1.173
2015-02-18,sewing,12,0.800401961,0.8,15.26,1095.0,4080,63.0,0.0,0.0,0.0,34.0,1.0005
2015-02-19,finishing,2,0.710125,0.8,5.13,1039.0,3600,0.0,0.0,0.0,0.0,15.0,0.8877
2015-02-19,finishing,3,0.81640625,0.5,5.13,1039.0,2880,0.0,0.0,0.0,0.0,12.0,1.6328
2015-02-19,finishing,4,0.684027778,0.75,5.13,1039.0,1920,0.0,0.0,0.0,0.0,8.0,0.912
2015-02-19,finishing,5,0.631354167,0.75,5.13,1039.0,1920,0.0,0.0,0.0,0.0,8.0,0.8418
2015-02-19,finishing,6,0.785864198,0.8,2.9,1039.0,4320,0.0,0.0,0.0,0.0,18.0,0.9823
2015-02-19,finishing,8,0.672135417,0.7,5.13,1039.0,1920,0.0,0.0,0.0,0.0,8.0,0.9602
2015-02-19,finishing,10,0.733277778,0.8,3.94,1039.0,2400,0.0,0.0,0.0,0.0,10.0,0.9166
2015-02-19,finishing,12,0.609583333,0.8,5.13,1039.0,2160,0.0,0.0,0.0,0.0,9.0,0.762
2015-02-19,sewing,1,0.800470513,0.8,22.52,265.0,3840,63.0,0.0,0.0,0.0,57.0,1.0006
2015-02-19,sewing,2,0.585315789,0.65,30.33,841.0,6840,0.0,0.0,0.0,1.0,57.0,0.9005
2015-02-19,sewing,3,0.700603448,0.7,30.1,247.0,6960,50.0,0.0,0.0,1.0,58.0,1.0009
2015-02-19,sewing,4,0.800094017,0.8,30.1,859.0,7020,63.0,0.0,0.0,1.0,58.5,1.0001
2015-02-19,sewing,5,0.799982853,0.8,30.1,276.0,600,63.0,3.5,15.0,0.0,59.5,1.0
2015-02-19,sewing,6,0.75065101,0.75,18.79,899.0,3960,56.0,0.0,0.0,0.0,33.0,1.0009
2015-02-19,sewing,7,0.611140537,0.75,30.1,444.0,0,0.0,5.0,20.0,1.0,59.0,0.8149
2015-02-19,sewing,8,0.7,0.7,29.4,1116.0,6240,0.0,0.0,0.0,2.0,57.0,1.0
2015-02-19,sewing,9,0.638614379,0.7,18.79,1603.0,6120,30.0,0.0,0.0,1.0,51.0,0.9123
2015-02-19,sewing,10,0.249416667,0.7,19.68,1410.0,5760,0.0,0.0,0.0,1.0,48.0,0.3563
2015-02-19,sewing,11,0.700540441,0.7,11.41,653.0,3480,30.0,0.0,0.0,2.0,58.0,1.0008
2015-02-19,sewing,12,0.800711494,0.8,15.26,1126.0,1080,38.0,0.0,0.0,0.0,34.0,1.0009
2015-02-22,finishing,1,0.727349537,0.8,3.94,1039.0,2880,0.0,0.0,0.0,0.0,12.0,0.9092
2015-02-22,finishing,2,0.8300625,0.8,5.13,1039.0,4800,0.0,0.0,0.0,0.0,20.0,1.0376
2015-02-22,finishing,3,0.8721,0.5,5.13,1039.0,1800,0.0,0.0,0.0,0.0,15.0,1.7442
2015-02-22,finishing,6,0.8319375,0.8,2.9,1039.0,960,0.0,0.0,0.0,0.0,8.0,1.0399
2015-02-22,finishing,7,0.283958333,0.7,5.13,1039.0,960,0.0,0.0,0.0,0.0,8.0,0.4057
2015-02-22,finishing,9,0.753525,0.8,3.94,1039.0,2400,0.0,0.0,0.0,0.0,10.0,0.9419
2015-02-22,finishing,10,0.385791667,0.8,3.94,1039.0,960,0.0,0.0,0.0,0.0,8.0,0.4822
2015-02-22,finishing,11,0.805555556,0.6,2.9,1039.0,2880,0.0,0.0,0.0,0.0,12.0,1.3426
2015-02-22,finishing,12,0.78375,0.8,5.13,1039.0,2400,0.0,0.0,0.0,0.0,10.0,0.9797
2015-02-22,sewing,2,0.700605263,0.7,30.33,746.0,6840,0.0,0.0,0.0,1.0,57.0,1.0009
2015-02-22,sewing,3,0.626577778,0.7,30.1,1041.0,8160,33.0,0.0,0.0,2.0,58.0,0.8951
2015-02-22,sewing,4,0.80000295,0.8,30.1,922.0,5820,63.0,0.0,0.0,1.0,59.0,1.0
2015-02-22,sewing,5,0.307501459,0.8,30.1,450.0,5700,0.0,4.5,25.0,0.0,60.0,0.3844
2015-02-22,sewing,6,0.75065101,0.75,18.79,1055.0,3960,45.0,0.0,0.0,0.0,33.0,1.0009
2015-02-22,sewing,7,0.393548851,0.75,30.1,627.0,6960,0.0,3.5,20.0,1.0,58.0,0.5247
2015-02-22,sewing,8,0.700614035,0.7,29.4,1146.0,6840,40.0,0.0,0.0,2.0,57.0,1.0009
2015-02-22,sewing,9,0.627011183,0.7,18.79,1717.0,3240,30.0,0.0,0.0,1.0,57.0,0.8957
2015-02-22,sewing,10,0.456875,0.7,21.25,1531.0,6000,0.0,0.0,0.0,1.0,50.0,0.6527
2015-02-22,sewing,11,0.672140805,0.75,11.41,834.0,3480,0.0,0.0,0.0,2.0,58.0,0.8962
2015-02-22,sewing,12,0.800401961,0.8,15.26,1103.0,4080,63.0,0.0,0.0,0.0,34.0,1.0005
2015-02-23,finishing,2,0.36871875,0.8,5.13,1039.0,960,0.0,0.0,0.0,0.0,8.0,0.4609
2015-02-23,finishing,3,0.87115,0.8,5.13,1039.0,2160,0.0,0.0,0.0,0.0,18.0,1.0889
2015-02-23,finishing,6,0.3715625,0.8,2.9,1039.0,960,0.0,0.0,0.0,0.0,8.0,0.4645
2015-02-23,finishing,7,0.356458333,0.7,5.13,1039.0,960,0.0,0.0,0.0,0.0,8.0,0.5092
2015-02-23,finishing,8,0.930416667,0.7,5.13,1039.0,960,0.0,0.0,0.0,0.0,8.0,1.3292
2015-02-23,finishing,9,0.3715625,0.8,2.9,1039.0,960,0.0,0.0,0.0,0.0,8.0,0.4645
2015-02-23,finishing,10,0.955791667,0.8,3.94,1039.0,2400,0.0,0.0,0.0,0.0,20.0,1.1947
2015-02-23,finishing,12,0.9025,0.8,5.13,1039.0,1080,0.0,0.0,0.0,0.0,9.0,1.1281
2015-02-23,sewing,2,0.700623,0.7,30.33,577.0,2160,30.0,0.0,0.0,1.0,58.0,1.0009
2015-02-23,sewing,3,0.700362069,0.7,29.4,1228.0,6960,30.0,0.0,0.0,2.0,58.0,1.0005
2015-02-23,sewing,4,0.800137255,0.8,30.1,891.0,7140,38.0,0.0,0.0,1.0,59.0,1.0002
2015-02-23,sewing,5,0.800137255,0.8,30.1,541.0,7140,38.0,0.0,0.0,0.0,59.0,1.0002
2015-02-23,sewing,6,0.75065101,0.75,18.79,1100.0,3960,45.0,0.0,0.0,0.0,33.0,1.0009
2015-02-23,sewing,7,0.750770115,0.75,30.1,709.0,6960,45.0,0.0,0.0,1.0,58.0,1.001
2015-02-23,sewing,8,0.700614035,0.7,29.4,1094.0,6840,40.0,0.0,0.0,2.0,57.0,1.0009
2015-02-23,sewing,9,0.60128,0.7,18.79,1641.0,6000,40.0,0.0,0.0,1.0,50.0,0.859
2015-02-23,sewing,10,0.417916667,0.7,21.25,1583.0,6000,0.0,0.0,0.0,1.0,50.0,0.597
2015-02-23,sewing,11,0.750293939,0.75,11.41,826.0,2820,0.0,0.0,0.0,2.0,58.0,1.0004
2015-02-23,sewing,12,0.800401961,0.8,15.26,1060.0,4080,63.0,0.0,0.0,0.0,34.0,1.0005
2015-02-24,finishing,2,0.325,0.7,3.9,1039.0,960,0.0,0.0,0.0,0.0,8.0,0.4643
2015-02-24,finishing,3,0.811388889,0.8,4.6,1039.0,1440,0.0,0.0,0.0,0.0,12.0,1.0142
2015-02-24,finishing,6,0.726933333,0.75,2.9,1039.0,1800,0.0,0.0,0.0,0.0,15.0,0.9692
2015-02-24,finishing,8,0.791458333,0.7,4.6,1039.0,960,0.0,0.0,0.0,0.0,8.0,1.1307
2015-02-24,finishing,9,0.726933333,0.7,2.9,1039.0,1800,0.0,0.0,0.0,0.0,15.0,1.0385
2015-02-24,finishing,10,0.902222222,0.7,2.9,1039.0,1800,0.0,0.0,0.0,0.0,15.0,1.2889
2015-02-24,finishing,11,0.5046875,0.7,2.9,1039.0,960,0.0,0.0,0.0,0.0,8.0,0.721
2015-02-24,sewing,1,0.268214286,0.6,22.53,708.0,5040,0.0,0.0,0.0,1.0,42.0,0.447
2015-02-24,sewing,2,0.700623,0.7,30.33,408.0,1680,30.0,0.0,0.0,1.0,59.0,1.0009
2015-02-24,sewing,3,0.750176991,0.75,29.4,1172.0,5340,45.0,0.0,0.0,2.0,60.0,1.0002
2015-02-24,sewing,4,0.800071839,0.8,30.1,901.0,6480,50.0,0.0,0.0,1.0,59.0,1.0001
2015-02-24,sewing,5,0.800137255,0.8,30.1,450.0,7140,50.0,0.0,0.0,0.0,60.0,1.0002
2015-02-24,sewing,6,0.75065101,0.75,18.79,913.0,3360,45.0,0.0,0.0,0.0,33.0,1.0009
2015-02-24,sewing,7,0.750727326,0.75,30.1,739.0,5640,45.0,0.0,0.0,1.0,59.0,1.001
2015-02-24,sewing,8,0.700518519,0.7,29.4,1079.0,4560,40.0,0.0,0.0,2.0,58.0,1.0007
2015-02-24,sewing,9,0.700256795,0.7,18.79,1068.0,3000,30.0,0.0,0.0,1.0,52.0,1.0004
2015-02-24,sewing,10,0.471108491,0.7,21.25,1834.0,6360,0.0,0.0,0.0,1.0,53.0,0.673
2015-02-24,sewing,11,0.750437269,0.75,11.61,698.0,3360,34.0,0.0,0.0,2.0,57.0,1.0006
2015-02-24,sewing,12,0.800401961,0.8,15.26,1062.0,4080,50.0,0.0,0.0,0.0,34.0,1.0005
2015-02-25,finishing,2,0.440375,0.7,3.9,1039.0,960,0.0,0.0,0.0,0.0,8.0,0.6291
2015-02-25,finishing,3,0.900833333,0.8,4.6,1039.0,2400,0.0,0.0,0.0,0.0,20.0,1.126
2015-02-25,finishing,5,0.902962963,0.8,4.6,1039.0,1080,0.0,0.0,0.0,0.0,9.0,1.1287
2015-02-25,finishing,6,0.410833333,0.75,2.9,1039.0,960,0.0,0.0,0.0,0.0,8.0,0.5478
2015-02-25,finishing,7,0.676666667,0.75,4.6,1039.0,960,0.0,0.0,0.0,0.0,8.0,0.9022
2015-02-25,finishing,8,0.658541667,0.7,4.6,1039.0,960,0.0,0.0,0.0,0.0,8.0,0.9408
2015-02-25,finishing,9,0.410833333,0.7,2.9,1039.0,960,0.0,0.0,0.0,0.0,8.0,0.5869
2015-02-25,finishing,10,0.845833333,0.7,2.9,1039.0,1200,0.0,0.0,0.0,0.0,10.0,1.2083
2015-02-25,finishing,12,0.899555556,0.8,4.6,1039.0,1800,0.0,0.0,0.0,0.0,15.0,1.1244
2015-02-25,sewing,1,0.581130952,0.65,22.53,762.0,5040,0.0,0.0,0.0,1.0,42.0,0.894
2015-02-25,sewing,2,0.700069811,0.7,30.33,361.0,3960,30.0,0.0,0.0,1.0,58.0,1.0001
2015-02-25,sewing,3,0.750206897,0.75,29.4,1283.0,6960,45.0,0.0,0.0,2.0,58.0,1.0003
2015-02-25,sewing,4,0.800808642,0.8,30.1,323.0,4080,50.0,0.0,0.0,1.0,59.0,1.001
2015-02-25,sewing,5,0.598792339,0.8,30.1,15.0,1200,49.0,0.0,0.0,1.0,59.0,0.7485
2015-02-25,sewing,6,0.75065101,0.75,18.79,1003.0,3960,45.0,0.0,0.0,1.0,33.0,1.0009
2015-02-25,sewing,7,0.800115819,0.8,30.1,786.0,7080,50.0,0.0,0.0,2.0,59.0,1.0001
2015-02-25,sewing,8,0.700362069,0.7,29.4,847.0,6960,30.0,0.0,0.0,1.0,58.0,1.0005
2015-02-25,sewing,9,0.970816667,0.75,18.79,1085.0,6240,56.0,0.0,0.0,1.0,52.0,1.2944
2015-02-25,sewing,10,0.700058333,0.7,21.82,1653.0,6240,0.0,0.0,0.0,2.0,52.0,1.0001
2015-02-25,sewing,11,0.750503571,0.75,11.61,635.0,3360,45.0,0.0,0.0,0.0,57.0,1.0007
2015-02-25,sewing,12,0.800401961,0.8,15.26,1053.0,4080,50.0,0.0,0.0,0.0,34.0,1.0005
2015-02-26,finishing,1,0.768847222,0.5,3.94,1039.0,3360,0.0,0.0,0.0,0.0,8.0,1.5377
2015-02-26,finishing,2,0.5565625,0.7,3.9,1039.0,960,0.0,0.0,0.0,0.0,8.0,0.7951
2015-02-26,finishing,3,0.921703704,0.8,4.6,1039.0,6300,0.0,0.0,0.0,0.0,15.0,1.1521
2015-02-26,finishing,5,0.921604938,0.8,4.6,1039.0,7560,0.0,0.0,0.0,0.0,18.0,1.152
2015-02-26,finishing,6,0.271875,0.75,2.9,1039.0,3360,0.0,0.0,0.0,0.0,8.0,0.3625
2015-02-26,finishing,8,0.376597222,0.75,4.6,1039.0,3360,0.0,0.0,0.0,0.0,8.0,0.5021
2015-02-26,finishing,9,0.4078125,0.75,2.9,1039.0,960,0.0,0.0,0.0,0.0,8.0,0.5438
2015-02-26,finishing,10,0.410833333,0.7,2.9,1039.0,3360,0.0,0.0,0.0,0.0,8.0,0.5869
2015-02-26,finishing,12,0.590617284,0.8,4.6,1039.0,3780,0.0,0.0,0.0,0.0,9.0,0.7383
2015-02-26,sewing,1,0.378895152,0.35,26.66,1164.0,6600,23.0,0.0,0.0,2.0,55.0,1.0826
2015-02-26,sewing,2,0.66237931,0.7,30.33,398.0,6960,0.0,0.0,0.0,1.0,58.0,0.9463
2015-02-26,sewing,3,0.750473684,0.75,29.4,1244.0,6840,45.0,0.0,0.0,2.0,57.0,1.0006
2015-02-26,sewing,4,0.495617514,0.8,30.1,437.0,7080,32.0,0.0,0.0,2.0,59.0,0.6195
2015-02-26,sewing,5,0.449964912,0.35,27.48,413.0,6840,38.0,0.0,0.0,1.0,57.0,1.2856
2015-02-26,sewing,6,0.75065101,0.75,18.79,912.0,3960,45.0,0.0,0.0,0.0,33.0,1.0009
2015-02-26,sewing,7,0.800808642,0.8,30.1,694.0,4080,50.0,0.0,0.0,1.0,59.0,1.001
2015-02-26,sewing,8,0.750206897,0.75,29.4,916.0,6960,56.0,0.0,0.0,2.0,58.0,1.0003
2015-02-26,sewing,9,0.750371895,0.75,18.79,1020.0,5640,45.0,0.0,0.0,1.0,52.0,1.0005
2015-02-26,sewing,10,0.700251773,0.7,21.82,1591.0,3240,0.0,0.0,0.0,1.0,52.0,1.0004
2015-02-26,sewing,11,0.800516667,0.8,11.61,816.0,2820,50.0,0.0,0.0,2.0,57.0,1.0006
2015-02-26,sewing,12,0.800401961,0.8,15.26,1065.0,4080,63.0,0.0,0.0,0.0,34.0,1.0005
2015-02-28,finishing,1,0.768847222,0.5,3.94,1039.0,3360,0.0,0.0,0.0,0.0,8.0,1.5377
2015-02-28,finishing,2,0.5565625,0.7,3.9,1039.0,960,0.0,0.0,0.0,0.0,8.0,0.7951
2015-02-28,finishing,3,0.921703704,0.8,4.6,1039.0,6300,0.0,0.0,0.0,0.0,15.0,1.1521
2015-02-28,finishing,5,0.921604938,0.8,4.6,1039.0,7560,0.0,0.0,0.0,0.0,18.0,1.152
2015-02-28,finishing,6,0.271875,0.75,2.9,1039.0,3360,0.0,0.0,0.0,0.0,8.0,0.3625
2015-02-28,finishing,8,0.376597222,0.75,4.6,1039.0,3360,0.0,0.0,0.0,0.0,8.0,0.5021
2015-02-28,finishing,9,0.4078125,0.75,2.9,1039.0,960,0.0,0.0,0.0,0.0,8.0,0.5438
2015-02-28,finishing,10,0.410833333,0.7,2.9,1039.0,3360,0.0,0.0,0.0,0.0,8.0,0.5869
2015-02-28,finishing,12,0.590617284,0.8,4.6,1039.0,3780,0.0,0.0,0.0,0.0,9.0,0.7383
2015-02-28,sewing,1,0.550349708,0.5,26.66,1448.0,6840,30.0,0.0,0.0,2.0,57.0,1.1007
2015-02-28,sewing,2,0.700211111,0.7,30.33,512.0,4560,0.0,0.0,0.0,1.0,58.0,1.0003
2015-02-28,sewing,3,0.750716981,0.75,29.4,1144.0,4440,45.0,0.0,0.0,2.0,57.0,1.001
2015-02-28,sewing,4,0.500258046,0.5,26.66,556.0,6960,23.0,0.0,0.0,2.0,58.0,1.0005
2015-02-28,sewing,5,0.550403509,0.5,27.48,609.0,6840,30.0,0.0,0.0,1.0,57.0,1.1008
2015-02-28,sewing,6,0.75065101,0.75,18.79,1012.0,3960,45.0,0.0,0.0,0.0,33.0,1.0009
2015-02-28,sewing,7,0.799982853,0.8,30.1,644.0,840,38.0,0.0,0.0,1.0,59.0,1.0
2015-02-28,sewing,8,0.750425926,0.75,29.4,792.0,4560,56.0,0.0,0.0,2.0,58.0,1.0006
2015-02-28,sewing,9,0.750395513,0.75,18.79,841.0,6240,45.0,0.0,0.0,1.0,52.0,1.0005
2015-02-28,sewing,10,0.700236601,0.7,21.82,1448.0,6120,40.0,0.0,0.0,1.0,51.0,1.0003
2015-02-28,sewing,11,0.800779018,0.8,11.61,954.0,0,50.0,0.0,0.0,2.0,58.0,1.001
2015-02-28,sewing,12,0.800260821,0.8,15.26,1194.0,1700,62.0,0.0,0.0,0.0,34.0,1.0003
2015-03-01,finishing,1,0.448722222,0.6,3.94,1039.0,3360,0.0,0.0,0.0,0.0,8.0,0.7479
2015-03-01,finishing,2,0.585,0.7,3.9,1039.0,960,0.0,0.0,0.0,0.0,8.0,0.8357
2015-03-01,finishing,3,0.936355556,0.8,4.6,1039.0,10500,0.0,0.0,0.0,0.0,25.0,1.1704
2015-03-01,finishing,4,0.673083333,0.6,3.94,1039.0,960,0.0,0.0,0.0,0.0,8.0,1.1218
2015-03-01,finishing,7,0.350416667,0.8,4.6,1039.0,3360,0.0,0.0,0.0,0.0,8.0,0.438
2015-03-01,finishing,8,0.813611111,0.75,4.6,1039.0,3360,0.0,0.0,0.0,0.0,8.0,1.0848
2015-03-01,finishing,9,0.447083333,0.75,2.9,1039.0,960,0.0,0.0,0.0,0.0,8.0,0.5961
2015-03-01,finishing,10,0.664583333,0.7,2.9,1039.0,3360,0.0,0.0,0.0,0.0,8.0,0.9494
2015-03-01,sewing,1,0.700019883,0.6,26.66,1578.0,6840,38.0,0.0,0.0,0.0,57.0,1.1667
2015-03-01,sewing,2,0.683550607,0.7,30.33,254.0,1800,0.0,0.0,0.0,0.0,58.0,0.9765
2015-03-01,sewing,3,0.750473684,0.75,29.4,1143.0,6840,45.0,0.0,0.0,0.0,57.0,1.0006
2015-03-01,sewing,4,0.600239766,0.6,26.66,692.0,6840,23.0,0.0,0.0,0.0,57.0,1.0004
2015-03-01,sewing,5,0.707446429,0.6,27.48,549.0,6720,38.0,0.0,0.0,0.0,56.0,1.1791
2015-03-01,sewing,6,0.75065101,0.75,18.79,1193.0,3960,45.0,0.0,0.0,0.0,33.0,1.0009
2015-03-01,sewing,7,0.579511494,0.8,30.1,934.0,6960,0.0,3.5,15.0,0.0,58.0,0.7244
2015-03-01,sewing,8,0.75075,0.75,29.4,622.0,6240,56.0,0.0,0.0,0.0,57.0,1.001
2015-03-01,sewing,9,0.750395513,0.75,18.79,895.0,6240,34.0,0.0,0.0,0.0,52.0,1.0005
2015-03-01,sewing,10,0.700236601,0.7,21.82,1393.0,5640,30.0,0.0,0.0,0.0,52.0,1.0003
2015-03-01,sewing,11,0.682433036,0.8,11.61,347.0,0,50.0,4.0,20.0,0.0,57.0,0.853
2015-03-01,sewing,12,0.800401961,0.8,15.26,1106.0,4080,63.0,0.0,0.0,0.0,34.0,1.0005
2015-03-02,finishing,1,0.537919444,0.65,3.94,1039.0,3360,0.0,0.0,0.0,0.0,8.0,0.8276
2015-03-02,finishing,2,0.92885,0.7,3.9,1039.0,1200,0.0,0.0,0.0,0.0,10.0,1.3269
2015-03-02,finishing,3,0.86037037,0.8,4.6,1039.0,10080,0.0,0.0,0.0,0.0,24.0,1.0755
2015-03-02,finishing,4,0.806879167,0.65,3.94,1039.0,960,0.0,0.0,0.0,0.0,8.0,1.2414
2015-03-02,finishing,7,0.342361111,0.8,4.6,1039.0,3360,0.0,0.0,0.0,0.0,8.0,0.428
2015-03-02,finishing,8,0.773333333,0.75,4.6,1039.0,3360,0.0,0.0,0.0,0.0,8.0,1.0311
2015-03-02,finishing,9,0.8004,0.75,2.9,1039.0,1200,0.0,0.0,0.0,0.0,10.0,1.0672
2015-03-02,finishing,10,0.632361111,0.7,2.9,1039.0,3360,0.0,0.0,0.0,0.0,8.0,0.9034
2015-03-02,finishing,12,0.607654321,0.8,4.6,1039.0,3780,0.0,0.0,0.0,0.0,9.0,0.7596
2015-03-02,sewing,1,0.800579532,0.65,26.66,1527.0,6840,65.0,0.0,0.0,0.0,57.0,1.2317
2015-03-02,sewing,3,0.800149813,0.8,29.4,1231.0,4680,50.0,0.0,0.0,0.0,57.0,1.0002
2015-03-02,sewing,4,0.750254867,0.65,26.66,832.0,6780,55.0,0.0,0.0,0.0,57.0,1.1542
2015-03-02,sewing,5,0.700903571,0.65,27.48,544.0,6720,34.0,0.0,0.0,0.0,56.0,1.0783
2015-03-02,sewing,6,0.750797009,0.75,18.79,947.0,2880,34.0,0.0,0.0,0.0,33.0,1.0011
2015-03-02,sewing,7,0.800115819,0.8,30.1,616.0,7080,0.0,0.0,0.0,0.0,59.0,1.0001
2015-03-02,sewing,8,0.750473684,0.75,29.4,551.0,6840,45.0,0.0,0.0,0.0,57.0,1.0006
2015-03-02,sewing,9,0.750395513,0.75,18.79,935.0,6240,45.0,0.0,0.0,0.0,52.0,1.0005
2015-03-02,sewing,10,0.70013604,0.7,21.82,1511.0,3600,30.0,0.0,0.0,0.0,51.0,1.0002
2015-03-02,sewing,11,0.800309211,0.8,11.61,632.0,0,50.0,0.0,0.0,0.0,57.0,1.0004
2015-03-02,sewing,12,0.800401961,0.8,15.26,1035.0,4080,63.0,0.0,0.0,0.0,34.0,1.0005
2015-03-03,finishing,1,0.555430556,0.7,3.94,1039.0,3360,0.0,0.0,0.0,0.0,8.0,0.7935
2015-03-03,finishing,2,0.567377778,0.4,3.9,1039.0,6300,0.0,0.0,0.0,0.0,15.0,1.4184
2015-03-03,finishing,3,0.902962963,0.8,4.6,1039.0,6300,0.0,0.0,0.0,0.0,15.0,1.1287
2015-03-03,finishing,4,0.555430556,0.7,3.94,1039.0,3360,0.0,0.0,0.0,0.0,8.0,0.7935
2015-03-03,finishing,5,0.354444444,0.7,4.6,1039.0,3360,0.0,0.0,0.0,0.0,8.0,0.5063
2015-03-03,finishing,6,0.309333333,0.75,2.9,1039.0,3360,0.0,0.0,0.0,0.0,8.0,0.4124
2015-03-03,finishing,7,0.999533333,0.8,4.6,1039.0,4200,0.0,0.0,0.0,0.0,10.0,1.2494
2015-03-03,finishing,8,0.702777778,0.75,4.6,1039.0,3360,0.0,0.0,0.0,0.0,8.0,0.937
2015-03-03,finishing,10,0.463194444,0.7,2.9,1039.0,3360,0.0,0.0,0.0,0.0,8.0,0.6617
2015-03-03,finishing,12,0.636049383,0.8,4.6,1039.0,3780,0.0,0.0,0.0,0.0,9.0,0.7951
2015-03-03,sewing,1,0.800566092,0.7,26.66,1562.0,6960,60.0,0.0,0.0,0.0,58.0,1.1437
2015-03-03,sewing,2,0.30277037,0.4,15.28,157.0,5400,0.0,6.5,30.0,1.0,45.0,0.7569
2015-03-03,sewing,3,0.800333333,0.8,29.4,1156.0,6840,50.0,0.0,0.0,0.0,57.0,1.0004
2015-03-03,sewing,4,0.750770115,0.7,26.66,950.0,6960,50.0,0.0,0.0,0.0,58.0,1.0725
2015-03-03,sewing,5,0.700659649,0.7,27.48,573.0,6840,30.0,0.0,0.0,0.0,57.0,1.0009
2015-03-03,sewing,6,0.750212553,0.75,20.2,402.0,3120,45.0,0.0,0.0,0.0,33.0,1.0003
2015-03-03,sewing,7,0.800115819,0.8,30.1,29.0,7080,50.0,0.0,0.0,0.0,59.0,1.0001
2015-03-03,sewing,8,0.750473684,0.75,29.4,534.0,6840,56.0,0.0,0.0,0.0,57.0,1.0006
2015-03-03,sewing,9,0.750395513,0.75,18.79,1096.0,6240,34.0,0.0,0.0,0.0,52.0,1.0005
2015-03-03,sewing,10,0.699984417,0.7,21.82,1313.0,5040,30.0,0.0,0.0,0.0,51.0,1.0
2015-03-03,sewing,11,0.800701754,0.8,11.41,601.0,0,50.0,0.0,0.0,0.0,56.0,1.0009
2015-03-03,sewing,12,0.800401961,0.8,15.26,983.0,4080,50.0,0.0,0.0,0.0,34.0,1.0005
2015-03-04,finishing,1,0.806879167,0.7,3.94,1039.0,960,0.0,0.0,0.0,0.0,8.0,1.1527
2015-03-04,finishing,2,0.5403125,0.5,3.9,1039.0,960,0.0,0.0,0.0,0.0,8.0,1.0806
2015-03-04,finishing,3,0.939166667,0.8,4.6,1039.0,1200,0.0,0.0,0.0,0.0,10.0,1.174
2015-03-04,finishing,4,0.806058333,0.7,3.94,1039.0,960,0.0,0.0,0.0,0.0,8.0,1.1515
2015-03-04,finishing,5,0.592083333,0.7,4.6,1039.0,960,0.0,0.0,0.0,0.0,8.0,0.8458
2015-03-04,finishing,7,0.684888889,0.8,4.6,1039.0,8400,0.0,0.0,0.0,0.0,20.0,0.8561
2015-03-04,finishing,8,0.930416667,0.8,4.6,1039.0,960,0.0,0.0,0.0,0.0,8.0,1.163
2015-03-04,finishing,9,0.83375,0.75,2.9,1039.0,960,0.0,0.0,0.0,0.0,8.0,1.1117
2015-03-04,finishing,12,0.885925926,0.8,4.6,1039.0,1080,0.0,0.0,0.0,0.0,9.0,1.1074
2015-03-04,sewing,1,0.750651724,0.7,26.82,1772.0,6960,50.0,0.0,0.0,0.0,58.0,1.0724
2015-03-04,sewing,2,0.404144928,0.5,15.28,261.0,5520,0.0,0.0,0.0,1.0,46.0,0.8083
2015-03-04,sewing,3,0.800333333,0.8,29.4,1169.0,6840,63.0,0.0,0.0,0.0,57.0,1.0004
2015-03-04,sewing,4,0.799975862,0.7,26.82,1028.0,6960,60.0,0.0,0.0,0.0,58.0,1.1428
2015-03-04,sewing,5,0.700424138,0.7,27.48,586.0,6960,40.0,0.0,0.0,0.0,58.0,1.0006
2015-03-04,sewing,6,0.332146465,0.75,18.79,52.0,3960,0.0,0.0,0.0,0.0,33.0,0.4429
2015-03-04,sewing,7,0.800055762,0.8,30.1,874.0,3960,50.0,0.0,0.0,0.0,59.0,1.0001
2015-03-04,sewing,8,0.433263158,0.8,29.4,30.0,6840,0.0,0.0,0.0,0.0,57.0,0.5416
2015-03-04,sewing,9,0.750395513,0.75,18.79,1206.0,6240,34.0,0.0,0.0,0.0,52.0,1.0005
2015-03-04,sewing,10,0.700058333,0.7,21.82,1334.0,5760,30.0,0.0,0.0,0.0,53.0,1.0001
2015-03-04,sewing,11,0.800701754,0.8,11.41,433.0,0,38.0,0.0,0.0,0.0,56.0,1.0009
2015-03-04,sewing,12,0.800401961,0.8,15.26,961.0,4080,50.0,0.0,0.0,0.0,34.0,1.0005
2015-03-05,finishing,1,0.812625,0.7,3.94,1039.0,960,0.0,0.0,0.0,0.0,8.0,1.1609
2015-03-05,finishing,2,0.950625,0.6,3.9,1039.0,960,0.0,0.0,0.0,0.0,8.0,1.5844
2015-03-05,finishing,3,0.810111111,0.8,4.6,1039.0,1800,0.0,0.0,0.0,0.0,15.0,1.0126
2015-03-05,finishing,4,0.812625,0.7,3.94,1039.0,960,0.0,0.0,0.0,0.0,8.0,1.1609
2015-03-05,finishing,8,0.980984848,0.8,4.6,1039.0,2640,0.0,0.0,0.0,0.0,22.0,1.2262
2015-03-05,finishing,9,0.453125,0.75,2.9,1039.0,960,0.0,0.0,0.0,0.0,8.0,0.6042
2015-03-05,finishing,11,0.927291667,0.8,2.9,1039.0,1200,0.0,0.0,0.0,0.0,10.0,1.1591
2015-03-05,finishing,12,0.868888889,0.8,4.6,1039.0,1080,0.0,0.0,0.0,0.0,9.0,1.0861
2015-03-05,sewing,1,0.750651724,0.7,26.82,1373.0,6960,50.0,0.0,0.0,0.0,58.0,1.0724
2015-03-05,sewing,2,0.600099145,0.6,15.28,529.0,1320,0.0,0.0,0.0,1.0,46.0,1.0002
2015-03-05,sewing,3,0.800534979,0.8,29.4,797.0,1800,63.0,0.0,0.0,0.0,57.0,1.0007
2015-03-05,sewing,4,0.750050847,0.7,26.82,1117.0,7080,50.0,0.0,0.0,0.0,59.0,1.0715
2015-03-05,sewing,5,0.700424138,0.7,27.48,230.0,6960,40.0,0.0,0.0,0.0,58.0,1.0006
2015-03-05,sewing,6,0.26369382,0.35,22.53,1450.0,2640,0.0,0.0,0.0,1.0,39.0,0.7534
2015-03-05,sewing,7,0.366053523,0.8,30.1,834.0,1200,0.0,4.0,40.0,0.0,59.0,0.4576
2015-03-05,sewing,9,0.750395513,0.75,18.79,1228.0,6240,45.0,0.0,0.0,0.0,52.0,1.0005
2015-03-05,sewing,10,0.700422,0.7,21.82,1390.0,6000,30.0,0.0,0.0,0.0,50.0,1.0006
2015-03-05,sewing,11,0.800701754,0.8,11.41,455.0,3420,50.0,0.0,0.0,0.0,56.0,1.0009
2015-03-05,sewing,12,0.800401961,0.8,15.26,959.0,4080,50.0,0.0,0.0,0.0,34.0,1.0005
2015-03-07,finishing,1,0.664875,0.7,3.94,1039.0,960,0.0,0.0,0.0,0.0,8.0,0.9498
2015-03-07,finishing,2,0.528125,0.65,3.9,1039.0,1920,0.0,0.0,0.0,0.0,8.0,0.8125
2015-03-07,finishing,4,0.664875,0.7,3.94,1039.0,960,0.0,0.0,0.0,0.0,8.0,0.9498
2015-03-07,finishing,5,0.80575,0.35,3.94,1039.0,2400,0.0,0.0,0.0,0.0,10.0,2.3021
2015-03-07,finishing,6,0.7975,0.5,2.9,1039.0,960,0.0,0.0,0.0,0.0,8.0,1.595
2015-03-07,finishing,7,0.825444444,0.8,4.6,1039.0,6000,0.0,0.0,0.0,0.0,25.0,1.0318
2015-03-07,finishing,8,0.590740741,0.8,4.6,1039.0,3600,0.0,0.0,0.0,0.0,15.0,0.7384
2015-03-07,finishing,11,0.657083333,0.8,2.9,1039.0,960,0.0,0.0,0.0,0.0,8.0,0.8214
2015-03-07,finishing,12,0.868888889,0.8,4.6,1039.0,1080,0.0,0.0,0.0,0.0,9.0,1.0861
2015-03-07,sewing,1,0.850045,0.7,26.82,1267.0,8160,70.0,0.0,0.0,0.0,58.0,1.2144
2015-03-07,sewing,2,0.65024031,0.65,16.1,626.0,4200,0.0,0.0,0.0,1.0,45.0,1.0004
2015-03-07,sewing,3,0.800578947,0.8,29.4,983.0,6840,63.0,0.0,0.0,1.0,57.0,1.0007
2015-03-07,sewing,4,0.800746552,0.7,26.82,1195.0,6960,60.0,0.0,0.0,0.0,58.0,1.1439
2015-03-07,sewing,5,0.408960345,0.7,27.48,541.0,6960,24.0,0.0,0.0,1.0,58.0,0.5842
2015-03-07,sewing,6,0.500528095,0.5,23.41,1379.0,2280,0.0,0.0,0.0,1.0,39.0,1.0011
2015-03-07,sewing,9,0.749987124,0.75,18.79,1226.0,3480,45.0,0.0,0.0,0.0,51.0,1.0
2015-03-07,sewing,10,0.700422,0.7,21.82,1251.0,6000,30.0,0.0,0.0,0.0,50.0,1.0006
2015-03-07,sewing,11,0.800034503,0.8,11.41,471.0,3420,50.0,0.0,0.0,0.0,58.0,1.0
2015-03-07,sewing,12,0.850520588,0.8,15.26,986.0,4080,75.0,0.0,0.0,0.0,34.0,1.0632
2015-03-08,finishing,1,0.890604167,0.75,3.94,1039.0,960,0.0,0.0,0.0,0.0,8.0,1.1875
2015-03-08,finishing,2,0.884,0.7,3.9,1039.0,1200,0.0,0.0,0.0,0.0,10.0,1.2629
2015-03-08,finishing,3,0.951944444,0.8,4.6,1039.0,1440,0.0,0.0,0.0,0.0,12.0,1.1899
2015-03-08,finishing,4,0.890604167,0.75,3.94,1039.0,960,0.0,0.0,0.0,0.0,8.0,1.1875
2015-03-08,finishing,5,0.857916667,0.5,3.94,1039.0,960,0.0,0.0,0.0,0.0,8.0,1.7158
2015-03-08,finishing,6,0.271875,0.6,2.9,1039.0,960,0.0,0.0,0.0,0.0,8.0,0.4531
2015-03-08,finishing,8,0.4509375,0.6,3.9,1039.0,960,0.0,0.0,0.0,0.0,8.0,0.7516
2015-03-08,finishing,9,0.929074074,0.75,2.9,1039.0,1080,0.0,0.0,0.0,0.0,9.0,1.2388
2015-03-08,finishing,10,0.441041667,0.7,2.9,1039.0,960,0.0,0.0,0.0,0.0,8.0,0.6301
2015-03-08,finishing,11,0.755208333,0.8,2.9,1039.0,960,0.0,0.0,0.0,0.0,8.0,0.944
2015-03-08,finishing,12,0.945555556,0.8,4.6,1039.0,1080,0.0,0.0,0.0,0.0,9.0,1.1819
2015-03-08,sewing,1,0.85007069,0.75,26.82,1254.0,6960,65.0,0.0,0.0,0.0,58.0,1.1334
2015-03-08,sewing,2,0.700106061,0.7,16.1,928.0,4800,30.0,0.0,0.0,1.0,45.0,1.0002
2015-03-08,sewing,3,0.800511068,0.8,30.1,1278.0,3360,50.0,0.0,0.0,1.0,57.0,1.0006
2015-03-08,sewing,4,0.850084211,0.75,26.82,1082.0,6840,65.0,0.0,0.0,0.0,57.0,1.1334
2015-03-08,sewing,5,0.500033898,0.5,26.82,711.0,7080,23.0,0.0,0.0,1.0,59.0,1.0001
2015-03-08,sewing,6,0.601037091,0.6,23.41,1266.0,2520,23.0,0.0,0.0,1.0,38.0,1.0017
2015-03-08,sewing,8,0.600528571,0.6,30.48,869.0,6720,0.0,0.0,0.0,1.0,56.0,1.0009
2015-03-08,sewing,9,0.750371895,0.75,18.79,1239.0,5640,45.0,0.0,0.0,0.0,52.0,1.0005
2015-03-08,sewing,10,0.700422,0.7,21.82,1335.0,6000,30.0,0.0,0.0,0.0,50.0,1.0006
2015-03-08,sewing,11,0.800034503,0.8,11.41,313.0,3420,50.0,0.0,0.0,0.0,58.0,1.0
2015-03-08,sewing,12,0.800401961,0.8,15.26,1064.0,4080,63.0,0.0,0.0,0.0,34.0,1.0005
2015-03-09,finishing,1,0.794566667,0.75,3.94,1039.0,0,960.0,0.0,0.0,0.0,8.0,1.0594
2015-03-09,finishing,2,0.6825,0.7,3.9,1039.0,0,1200.0,0.0,0.0,0.0,10.0,0.975
2015-03-09,finishing,3,0.795416667,0.8,4.6,1039.0,0,1440.0,0.0,0.0,0.0,12.0,0.9943
2015-03-09,finishing,4,0.7953875,0.75,3.94,1039.0,0,960.0,0.0,0.0,0.0,8.0,1.0605
2015-03-09,finishing,5,0.864342593,0.6,3.94,1039.0,0,2880.0,0.0,0.0,0.0,12.0,1.4406
2015-03-09,finishing,8,0.2640625,0.65,3.9,1039.0,0,960.0,0.0,0.0,0.0,8.0,0.4062
2015-03-09,finishing,9,0.841,0.75,2.9,1039.0,0,3600.0,0.0,0.0,0.0,15.0,1.1213
2015-03-09,finishing,10,0.477291667,0.7,2.9,1039.0,0,960.0,0.0,0.0,0.0,8.0,0.6818
2015-03-09,finishing,11,0.960625,0.8,2.9,1039.0,0,960.0,0.0,0.0,0.0,8.0,1.2008
2015-03-09,finishing,12,0.902962963,0.8,4.6,1039.0,0,1080.0,0.0,0.0,0.0,9.0,1.1287
2015-03-09,sewing,1,0.850426891,0.75,26.82,1322.0,7140,65.0,0.0,0.0,0.0,59.0,1.1339
2015-03-09,sewing,2,0.700516224,0.7,16.1,817.0,5520,30.0,0.0,0.0,1.0,45.0,1.0007
2015-03-09,sewing,3,0.800842424,0.8,30.1,964.0,5160,50.0,0.0,0.0,1.0,58.0,1.0011
2015-03-09,sewing,4,0.850446154,0.75,26.82,1079.0,7020,65.0,0.0,0.0,0.0,58.0,1.1339
2015-03-09,sewing,5,0.600040678,0.6,26.82,919.0,7080,23.0,0.0,0.0,1.0,59.0,1.0001
2015-03-09,sewing,6,0.650962281,0.65,23.41,1262.0,4560,35.0,0.0,0.0,1.0,38.0,1.0015
2015-03-09,sewing,7,0.500610909,0.5,30.48,1161.0,6600,0.0,0.0,0.0,1.0,55.0,1.0012
2015-03-09,sewing,8,0.650421429,0.65,30.48,953.0,6720,26.0,0.0,0.0,1.0,56.0,1.0006
2015-03-09,sewing,9,0.750395513,0.75,18.79,1193.0,6240,45.0,0.0,0.0,0.0,52.0,1.0005
2015-03-09,sewing,10,0.700422,0.7,21.82,1576.0,6000,30.0,0.0,0.0,0.0,50.0,1.0006
2015-03-09,sewing,11,0.800034503,0.8,11.41,357.0,3420,50.0,0.0,0.0,0.0,58.0,1.0
2015-03-09,sewing,12,0.800401961,0.8,15.26,1132.0,4080,63.0,0.0,0.0,0.0,34.0,1.0005
2015-03-10,finishing,1,0.880754167,0.75,3.94,1039.0,960,0.0,0.0,0.0,0.0,8.0,1.1743
2015-03-10,finishing,2,0.741,0.7,3.9,1039.0,960,0.0,0.0,0.0,0.0,8.0,1.0586
2015-03-10,finishing,3,0.894444444,0.8,4.6,1039.0,1440,0.0,0.0,0.0,0.0,12.0,1.1181
2015-03-10,finishing,4,0.881575,0.75,3.94,1039.0,960,0.0,0.0,0.0,0.0,8.0,1.1754
2015-03-10,finishing,5,0.909391667,0.6,3.94,1039.0,1440,0.0,0.0,0.0,0.0,12.0,1.5157
2015-03-10,finishing,7,0.560625,0.5,3.9,1039.0,960,0.0,0.0,0.0,0.0,8.0,1.1212
2015-03-10,finishing,8,0.560625,0.65,3.9,1039.0,960,0.0,0.0,0.0,0.0,8.0,0.8625
2015-03-10,finishing,9,0.821666667,0.75,2.9,1039.0,1800,0.0,0.0,0.0,0.0,15.0,1.0956
2015-03-10,finishing,10,0.39875,0.7,2.9,1039.0,960,0.0,0.0,0.0,0.0,8.0,0.5696
2015-03-10,finishing,11,0.758229167,0.8,2.9,1039.0,960,0.0,0.0,0.0,0.0,8.0,0.9478
2015-03-10,finishing,12,0.92,0.8,4.6,1039.0,1080,0.0,0.0,0.0,0.0,9.0,1.15
2015-03-10,sewing,1,0.900061017,0.75,26.82,1574.0,7080,75.0,0.0,0.0,0.0,59.0,1.2001
2015-03-10,sewing,2,0.700051852,0.7,16.1,957.0,5400,40.0,0.0,0.0,1.0,45.0,1.0001
2015-03-10,sewing,3,0.800071839,0.8,30.1,756.0,6960,63.0,0.0,0.0,1.0,58.0,1.0001
2015-03-10,sewing,4,0.850084211,0.75,26.82,1104.0,5880,65.0,0.0,0.0,0.0,59.0,1.1334
2015-03-10,sewing,5,0.650044068,0.65,26.82,1001.0,7080,26.0,0.0,0.0,1.0,59.0,1.0001
2015-03-10,sewing,6,0.700246491,0.7,23.41,1180.0,4560,30.0,0.0,0.0,1.0,38.0,1.0004
2015-03-10,sewing,7,0.630402924,0.6,30.48,1017.0,6840,25.0,0.0,0.0,1.0,57.0,1.0507
2015-03-10,sewing,8,0.700505263,0.7,30.48,923.0,6840,30.0,0.0,0.0,1.0,57.0,1.0007
2015-03-10,sewing,9,0.750395513,0.75,18.79,1247.0,6240,45.0,0.0,0.0,0.0,52.0,1.0005
2015-03-10,sewing,10,0.750608,0.75,21.82,1499.0,6000,34.0,0.0,0.0,0.0,50.0,1.0008
2015-03-10,sewing,11,0.800034503,0.8,11.41,338.0,3420,50.0,0.0,0.0,0.0,58.0,1.0
2015-03-10,sewing,12,0.800401961,0.8,15.26,1069.0,4080,63.0,0.0,0.0,0.0,34.0,1.0005
2015-03-11,finishing,1,0.812625,0.75,3.94,1039.0,1920,0.0,0.0,0.0,0.0,8.0,1.0835
2015-03-11,finishing,2,0.819270833,0.75,3.9,1039.0,1920,0.0,0.0,0.0,0.0,8.0,1.0924
2015-03-11,finishing,3,0.786631944,0.8,4.6,1039.0,1920,0.0,0.0,0.0,0.0,8.0,0.9833
2015-03-11,finishing,4,0.813309028,0.75,3.94,1039.0,1920,0.0,0.0,0.0,0.0,8.0,1.0844
2015-03-11,finishing,5,0.75885,0.7,3.94,1039.0,1440,0.0,0.0,0.0,0.0,12.0,1.0841
2015-03-11,finishing,6,0.394722222,0.7,2.9,1039.0,720,0.0,0.0,0.0,0.0,6.0,0.5639
2015-03-11,finishing,7,0.625625,0.65,3.9,1039.0,960,0.0,0.0,0.0,0.0,8.0,0.9625
2015-03-11,finishing,8,0.625625,0.7,3.9,1039.0,960,0.0,0.0,0.0,0.0,8.0,0.8938
2015-03-11,finishing,9,0.505888889,0.75,2.9,1039.0,1800,0.0,0.0,0.0,0.0,15.0,0.6745
2015-03-11,finishing,10,0.628333333,0.75,2.9,1039.0,960,0.0,0.0,0.0,0.0,8.0,0.8378
2015-03-11,finishing,11,0.874027778,0.8,2.9,1039.0,2400,0.0,0.0,0.0,0.0,10.0,1.0925
2015-03-11,finishing,12,0.922839506,0.8,4.6,1039.0,2160,0.0,0.0,0.0,0.0,9.0,1.1535
2015-03-11,sewing,1,0.750050847,0.75,26.82,1322.0,7080,45.0,0.0,0.0,0.0,59.0,1.0001
2015-03-11,sewing,2,0.750140741,0.75,16.1,971.0,5400,45.0,0.0,0.0,1.0,45.0,1.0002
2015-03-11,sewing,3,0.800071839,0.8,30.1,735.0,6960,63.0,0.0,0.0,1.0,58.0,1.0001
2015-03-11,sewing,4,0.750050847,0.75,26.82,1054.0,7080,45.0,0.0,0.0,0.0,59.0,1.0001
2015-03-11,sewing,5,0.700556897,0.7,26.82,992.0,6960,30.0,0.0,0.0,1.0,58.0,1.0008
2015-03-11,sewing,6,0.700246491,0.7,23.41,1128.0,4560,40.0,0.0,0.0,1.0,38.0,1.0004
2015-03-11,sewing,7,0.650596491,0.65,30.48,935.0,6840,26.0,0.0,0.0,1.0,57.0,1.0009
2015-03-11,sewing,8,0.700505263,0.7,30.48,914.0,6840,30.0,0.0,0.0,1.0,57.0,1.0007
2015-03-11,sewing,9,0.750347333,0.75,18.79,290.0,5040,45.0,0.0,0.0,0.0,52.0,1.0005
2015-03-11,sewing,10,0.750608,0.75,21.82,1674.0,6000,34.0,0.0,0.0,0.0,50.0,1.0008
2015-03-11,sewing,11,0.800034503,0.8,11.41,560.0,3420,50.0,0.0,0.0,0.0,58.0,1.0
2015-03-11,sewing,12,0.800401961,0.8,15.26,470.0,4080,63.0,0.0,0.0,0.0,34.0,1.0005
